0.0759307,8.5,0.0100164,1.49104,2.41919,-13.8354,-1.82287,1.72982e+09
0.408167,8.5,0.0812393,1.09305,1.54556,-13.8124,-1.82955,1.72982e+09
0.780336,8.5,-0.103169,0.487471,-0.445055,-13.7561,-1.84705,1.72982e+09
1.35604,8.5,-0.156383,0.0773629,-1.82165,-13.6122,-1.88355,1.72982e+09
1.94374,8.5,-0.00257251,0.000582315,-2.36685,-13.3649,-1.8981,1.72982e+09
2.63475,8.5,-0.0456443,0.00563016,-2.29872,-12.9522,-1.91452,1.72982e+09
3.42631,8.5,0.677639,-0.0708355,-1.49524,-12.3464,-1.93263,1.72982e+09
4.29719,8.5,-0.0842897,0.00390999,0.00956458,-11.5362,-1.92024,1.72982e+09
5.20893,8.5,-0.118335,0.00373788,0.0234805,-10.489,-1.92038,1.72982e+09
6.01886,8.5,-0.180496,0.00427709,0.0558146,-9.36432,-1.91841,1.72982e+09
6.84658,8.5,-0.176053,0.00322085,0.0289718,-8.01158,-1.91624,1.72982e+09
7.74653,8.5,-0.427447,0.00617169,0.171432,-6.25837,-1.91273,1.72982e+09
8.222,8.5,-0.615427,0.00797969,0.259388,-4.65322,-1.9032,1.72982e+09
8.45896,8.5,-0.643324,0.00788728,0.249788,-2.8975,-1.89496,1.72982e+09
8.54516,8.5,-0.560757,0.00669142,0.182127,-1.11033,-1.89081,1.72982e+09
8.54619,8.5,-0.541524,0.00645188,0.15663,0.513302,-1.88577,1.72982e+09
8.53557,8.5,-0.605578,0.00726655,0.182227,2.30694,-1.88132,1.72982e+09
8.51382,8.5,-0.946629,0.0118421,0.376028,4.26809,-1.86688,1.72982e+09
8.51351,8.5,-0.766705,0.00938372,0.229465,6.14151,-1.85958,1.72982e+09
8.51777,8.5,-0.463711,0.00553576,0.0218735,7.58799,-1.85642,1.72982e+09
8.48527,8.5,-0.729943,0.00896231,0.172569,9.45889,-1.85498,1.72982e+09
8.5115,8.5,-0.550463,0.00661694,0.0321742,11.4134,-1.85176,1.72982e+09
8.50525,8.5,-0.454192,0.00543542,-0.0481099,13.3681,-1.852,1.72982e+09
8.49539,8.5,-0.405271,0.00484902,-0.0971261,14.9837,-1.85243,1.72982e+09
8.49984,8.5,-0.560164,0.00675694,-0.02246,16.7693,-1.85475,1.72982e+09
8.48945,8.5,-0.469152,0.00564039,-0.105479,18.4687,-1.85515,1.72982e+09
8.4892,8.5,-0.77967,0.00961247,0.0543674,20.2537,-1.85431,1.72982e+09
8.50701,8.5,-0.587533,0.00708889,-0.0989619,21.6134,-1.85509,1.72982e+09
8.51211,8.5,-0.579255,0.00697621,-0.129871,23.3135,-1.86106,1.72982e+09
8.49442,8.5,-0.813279,0.0100511,-0.0309343,25.0983,-1.86212,1.72982e+09
8.49039,8.5,-0.625378,0.00759792,-0.203178,26.8827,-1.86713,1.72982e+09
8.50236,5,-0.60496,0.00731693,-0.267753,28.8376,-1.87697,1.72982e+09
7.576,5,-0.721647,0.0112068,-0.207152,30.6079,-1.88466,1.72982e+09
6.59829,5,-0.419379,0.00838303,-0.458716,32.3071,-1.89498,1.72982e+09
5.73024,5,-0.157764,0.00412204,-0.665592,33.7228,-1.91194,1.72982e+09
5.30225,5,-0.128258,0.00391111,-0.698318,34.6027,-1.92279,1.72982e+09
5.03058,5,-0.190167,0.00646526,-0.659897,35.4785,-1.93291,1.72982e+09
4.90929,5,-0.180022,0.00642421,-0.70831,36.5686,-1.94653,1.72982e+09
4.87625,5,0.0542191,0.111623,-1.75253,37.5959,-1.97135,1.72982e+09
4.93199,5,0.108773,-0.00383205,-4.99865,38.7681,-2.07821,1.72982e+09
4.96712,5,-0.283102,0.00995067,-4.66388,39.8043,-2.1624,1.72982e+09
4.94992,5,-0.508431,0.907809,-4.93596,40.9948,-2.26399,1.72982e+09
4.65272,5,-0.809279,0.921912,-14.2491,42.0648,-2.50258,1.72982e+09
4.90826,5,-0.826018,1.03515,-29.8404,43.0254,-3.02786,1.72982e+09
5.01865,5,-0.858949,0.944071,-43.58,43.8139,-3.76479,1.72982e+09
4.97184,5,-0.398515,0.835851,-55.3331,44.3797,-4.57686,1.72982e+09
4.98421,8.5,-0.44414,0.625047,-68.5958,44.7747,-5.53977,1.72982e+09
5.3601,8.5,1.03383,0.328036,-79.7211,44.9606,-6.49556,1.72982e+09
6.07142,8.5,0.974038,-0.0262175,-91.4972,45.0174,-7.63549,1.72982e+09
6.81091,8.5,-0.127246,0.00234931,-90.4362,44.9856,-8.8614,1.72982e+09
7.56566,8.5,-0.644895,0.00995344,-90.106,44.9808,-10.302,1.72982e+09
8.30131,8.5,-0.780853,0.0100885,-90.0814,44.9777,-11.8914,1.72982e+09
8.57472,8.5,-0.428946,0.00504274,-90.3414,44.9722,-13.502,1.72982e+09
8.64859,8.5,-0.76115,0.00901094,-90.1628,44.9656,-15.1443,1.72982e+09
8.64175,8.5,-1.10096,0.0136676,-89.9682,44.965,-16.7013,1.72982e+09
8.57403,8.5,-0.608148,0.00723199,-90.3216,44.9567,-18.251,1.72982e+09
8.53429,8.5,-0.704334,0.00852471,-90.2835,44.9469,-19.792,1.72982e+09
8.519,8.5,-0.780991,0.00956009,-90.2646,44.9415,-21.0699,1.72982e+09
8.50981,8.5,-0.664728,0.00806457,-90.3804,44.9328,-22.6868,1.72982e+09
8.49191,8.5,-0.404962,0.00484927,-90.5686,44.9194,-24.217,1.72982e+09
8.49713,8.5,-0.738716,0.00905164,-90.4015,44.9068,-25.8308,1.72982e+09
8.48728,8.5,-0.963194,0.0121591,-90.3247,44.8966,-27.6147,1.72982e+09
8.14415,5,-0.7742,0.0104021,-90.4955,44.8837,-29.1287,1.72982e+09
7.36886,5,-0.64834,0.0105725,-90.5972,44.8695,-30.523,1.72982e+09
6.55438,5,-0.207319,0.00414452,-90.9276,44.8486,-31.9142,1.72982e+09
5.80334,5,-0.130386,0.0033179,-90.9947,44.8276,-33.1485,1.72982e+09
5.26298,5,-0.158179,0.00490233,-90.984,44.8101,-34.194,1.72982e+09
4.99472,5,-0.200724,0.00692802,-90.9713,44.7929,-35.2152,1.72982e+09
4.90763,5,-0.135946,0.00484273,-91.0696,44.7728,-36.3013,1.72982e+09
4.87973,5,-0.125308,-0.64747,-89.8022,44.7687,-37.277,1.72982e+09
4.75859,5,-0.0072558,-0.50883,-80.7379,44.9211,-38.308,1.72982e+09
4.93962,5,-0.979907,-0.165852,-68.9223,45.2803,-39.2495,1.72982e+09
5.08211,5,-0.991545,0.0453695,-63.2109,45.6793,-40.0032,1.72982e+09
4.85363,5,0.712245,-0.597004,-60.721,46.2319,-41.0224,1.72982e+09
5.00844,5,-0.128531,-0.490456,-54.7879,46.7205,-41.7022,1.72982e+09
4.99725,5,0.865163,-0.245157,-44.5914,47.484,-42.4774,1.72982e+09
5.03883,5,0.803791,-0.805188,-34.1859,48.3548,-43.0785,1.72982e+09
4.88963,5,0.952838,-0.615226,-22.109,49.309,-43.4828,1.72982e+09
4.95165,5,0.706914,-0.288675,-9.91185,50.3786,-43.681,1.72982e+09
5.63791,8.5,-1.01495,0.033964,-0.179006,51.4754,-43.6897,1.72982e+09
6.50254,8.5,-0.947037,0.0214521,-0.513492,52.8107,-43.6925,1.72982e+09
7.20118,8.5,-0.488453,0.0082182,-0.979829,54.0443,-43.7241,1.72982e+09
7.98151,8.5,-0.61132,0.00842163,-0.934604,55.6393,-43.7595,1.72982e+09
8.52088,8.5,-0.552261,0.00662449,-1.00854,57.5514,-43.7948,1.72982e+09
8.61148,8.5,-0.5901,0.0069458,-0.999975,59.3529,-43.8281,1.72982e+09
8.60367,8.5,-0.936435,0.0114392,-0.797688,61.3349,-43.8569,1.72982e+09
8.56844,8.5,-1.02176,0.0127507,-0.760367,63.1393,-43.8812,1.72982e+09
8.55359,8.5,-0.828375,0.0101074,-0.91591,65.0224,-43.9118,1.72982e+09
8.51101,8.5,-0.79722,0.009795,-0.953229,66.7286,-43.9413,1.72982e+09
8.49605,8.5,-0.700667,0.00855642,-1.03436,68.3454,-43.97,1.72982e+09
8.50079,8.5,-0.688709,0.00839152,-1.05919,69.791,-43.9965,1.72982e+09
8.50333,8.5,-0.701769,0.00855561,-1.06908,71.1512,-44.0208,1.72982e+09
8.52876,8.5,-0.803227,0.00983247,-1.02659,72.7664,-44.0504,1.72982e+09
8.50086,8.5,-0.957788,0.01204,-0.951644,74.3805,-44.0755,1.72982e+09
8.48544,8.5,-0.800761,0.00990439,-1.08478,75.9943,-44.106,1.72982e+09
8.49295,8.5,-0.880814,0.0109786,-1.05754,77.5241,-44.1354,1.72982e+09
8.49776,8.5,-0.905388,0.0113075,-1.07537,78.9679,-44.1602,1.72982e+09
8.5154,8.5,-0.747161,0.00912211,-1.20383,80.4123,-44.1926,1.72982e+09
8.49975,8.5,-0.58211,0.0070329,-1.33106,82.1119,-44.2329,1.72982e+09
8.49986,8.5,-0.512626,0.0061639,-1.3963,83.5575,-44.2671,1.72982e+09
8.5165,8.5,-0.866656,0.0107201,-1.20631,85.1723,-44.3022,1.72982e+09
8.50778,8.5,-0.852435,0.0105486,-1.25439,86.6166,-44.3336,1.72982e+09
8.50787,8.5,-0.513468,0.00616255,-1.502,88.0612,-44.3699,1.72982e+09
8.48989,8.5,-0.806627,0.00997254,-1.35241,89.5054,-44.4051,1.72982e+09
8.49086,8.5,-0.819083,0.0101384,-1.3953,91.0345,-44.442,1.72982e+09
8.52289,8.5,-0.679158,0.00822396,-1.53979,92.7343,-44.4876,1.72982e+09
8.49663,8.5,-0.505937,0.00608562,-1.69164,94.3478,-44.5344,1.72982e+09
8.51738,8.5,-0.614219,0.00740744,-1.6809,96.0474,-44.5849,1.72982e+09
8.51701,8.5,-0.520765,0.0062394,-1.79505,97.5777,-44.6326,1.72982e+09
8.49268,8.5,-1.08099,0.0138924,-1.55726,99.1928,-44.678,1.72982e+09
8.49703,8.5,-0.930055,0.0116566,-1.83476,100.722,-44.726,1.72982e+09
8.49632,8.5,1.50264,-0.04137,-2.12659,102.336,-44.7834,1.72982e+09
8.48855,8.5,1.09428,-0.0141126,-0.648759,103.78,-44.8109,1.72982e+09
8.41911,5,-0.88107,0.0111867,0.535123,105.309,-44.7971,1.72982e+09
7.59235,5,-0.621781,0.00950389,0.346257,106.829,-44.788,1.72982e+09
6.82005,5,-0.38764,0.00722678,0.164123,108.196,-44.7833,1.72982e+09
6.14974,5,-0.188922,0.00428905,0.00594693,109.297,-44.7829,1.72982e+09
5.55607,5,-0.264262,0.00739171,0.0583307,110.29,-44.7822,1.72982e+09
5.12999,5,-0.139196,0.00453737,-0.0695359,111.405,-44.7839,1.72982e+09
4.95232,5,-0.208144,0.0073124,-0.0579115,112.46,-44.7838,1.72982e+09
4.87418,5,-0.243895,-0.570155,1.3922,113.489,-44.7684,1.72982e+09
4.76628,5,-0.383826,-0.337882,11.7375,114.508,-44.5717,1.72982e+09
5.00292,5,-0.0125693,0.000429485,21.6069,115.514,-44.1756,1.72982e+09
5.06698,5,-0.506356,0.0176595,21.8866,116.493,-43.7719,1.72982e+09
4.97877,5,-0.889173,-0.767911,23.0736,117.518,-43.3499,1.72982e+09
4.9012,5,-0.27282,-0.698839,31.7985,118.44,-42.798,1.72982e+09
4.90302,5,-0.955305,-0.541341,42.4981,119.197,-42.117,1.72982e+09
4.94357,5,-0.646926,-0.335728,51.8173,119.74,-41.4154,1.72982e+09
4.99743,5,0.932983,-0.715987,62.3769,120.18,-40.5767,1.72982e+09
4.95879,5,-0.958186,-0.537169,71.3412,120.446,-39.7721,1.72982e+09
5.01901,5,0.959957,-0.251368,81.4087,120.589,-38.8336,1.72982e+09
5.1335,5,-0.360572,0.0119557,89.3141,120.591,-37.8663,1.72982e+09
5.13047,5,-0.474981,0.0160431,89.4283,120.595,-36.9928,1.72982e+09
5.0878,5,-0.149156,0.0049456,89.0931,120.611,-36.0218,1.72982e+09
5.11902,8.5,-0.21668,0.00712536,89.1568,120.625,-35.1089,1.72982e+09
5.82474,8.5,-0.372657,0.00956126,89.2684,120.641,-34.1788,1.72982e+09
6.50899,8.5,-0.435075,0.00895434,89.284,120.661,-33.1305,1.72982e+09
7.16975,8.5,-0.550434,0.00939826,89.3364,120.681,-31.9678,1.72982e+09
7.79913,8.5,-0.507168,0.00726257,89.2726,120.703,-30.6949,1.72982e+09
8.3311,8.5,-0.554031,0.00695892,89.2745,120.724,-29.1538,1.72982e+09
8.54286,8.5,-0.717405,0.00867547,89.3584,120.742,-27.4606,1.72982e+09
8.62786,8.5,-0.822145,0.00984456,89.4094,120.763,-25.5716,1.72982e+09
8.5854,8.5,-0.681823,0.00813481,89.3104,120.779,-24.0238,1.72982e+09
8.55865,8.5,-0.939632,0.0116122,89.47,120.795,-22.3955,1.72982e+09
8.51605,8.5,-0.801393,0.00983862,89.3649,120.812,-20.6884,1.72982e+09
8.50162,8.5,-0.527001,0.00633994,89.1824,120.835,-19.0713,1.72982e+09
8.49434,8.5,-0.366937,0.00438367,89.08,120.86,-17.5405,1.72982e+09
8.49981,8.5,-0.701969,0.00856552,89.2774,120.877,-16.0955,1.72982e+09
8.49712,8.5,-0.344966,0.00411464,89.0485,120.905,-14.3104,1.72982e+09
8.49384,8.5,-0.435971,0.00522641,89.0971,120.931,-12.696,1.72982e+09
8.4931,8.5,-0.588705,0.00712743,89.1811,120.957,-10.9119,1.72982e+09
8.50428,8.5,-0.791746,0.00973799,89.2989,120.982,-9.12767,1.72982e+09
8.50213,8.5,-0.858136,0.0106414,89.323,121,-7.34257,1.72982e+09
8.50471,8.5,-0.37647,0.00448841,89.0043,121.026,-5.55874,1.72982e+09
8.49935,8.5,-0.728596,0.00891394,89.2077,121.054,-3.60431,1.72982e+09
8.49304,8.5,-0.606728,0.00735582,89.1148,121.08,-1.81892,1.72982e+09
8.49717,8.5,-0.51932,0.00625108,89.0498,121.113,0.0509253,1.72982e+09
8.50709,8.5,-0.722485,0.00881732,89.1602,121.141,1.92046,1.72982e+09
8.49,8.5,-0.734192,0.00900784,89.1523,121.171,3.79035,1.72982e+09
8.48645,8.5,-0.888233,0.0110996,89.2327,121.193,5.49018,1.72982e+09
8.5088,8.5,-0.674165,0.00818777,89.0723,121.221,7.18999,1.72982e+09
8.50323,8.5,-0.468864,0.00561834,88.9318,121.251,8.80498,1.72982e+09
8.49549,8.5,-0.514852,0.00619802,88.9466,121.283,10.5045,1.72982e+09
8.49869,8.5,-0.924705,0.0115762,89.1881,121.314,12.4595,1.72982e+09
8.49888,8.5,-0.515595,0.00620222,88.8995,121.346,14.2445,1.72982e+09
8.51303,8.5,-0.656669,0.00795512,88.9646,121.379,16.0291,1.72982e+09
8.49471,8.5,-0.419677,0.0050258,88.805,121.41,17.559,1.72982e+09
8.50509,8.5,-0.508118,0.00610035,88.8333,121.446,19.4295,1.72982e+09
8.50773,8.5,-0.500595,0.00600343,88.8064,121.485,21.3006,1.72982e+09
8.48779,8.5,-0.918665,0.0115225,89.0319,121.52,23.3403,1.72982e+09
8.51928,8.5,-0.571721,0.00686992,88.7709,121.558,25.1238,1.72982e+09
8.48575,8.5,-0.586194,0.00710828,88.7534,121.595,26.8221,1.72982e+09
8.50976,8.5,-0.72988,0.00890815,88.7951,121.634,28.6915,1.72982e+09
8.29077,5,-0.848014,0.0110746,88.8274,121.672,30.5563,1.72982e+09
7.3751,5,-0.26625,0.00420931,88.4429,121.714,32.1989,1.72982e+09
6.54236,5,-0.348634,0.00705088,88.4924,121.751,33.6576,1.72982e+09
5.704,5,-0.137921,0.00363417,88.327,121.79,35.001,1.72982e+09
5.20988,5,-0.119784,0.00378247,88.3061,121.822,36.0862,1.72982e+09
4.97149,5,-0.210723,0.00734696,88.378,121.855,37.2513,1.72982e+09
4.92384,5,-0.121506,0.00429702,88.2646,121.885,38.2877,1.72982e+09
4.93365,5,-0.176312,0.00622802,88.2892,121.918,39.3707,1.72982e+09
4.9527,5,-0.213844,0.00751467,88.2848,121.948,40.4083,1.72982e+09
4.9765,5,-0.224324,0.00781338,88.2367,121.985,41.6002,1.72982e+09
4.76098,5,0.0116969,-1.1144,91.061,121.983,42.6773,1.72982e+09
4.77855,5,0.127229,-1.10429,100.718,121.796,43.7662,1.72982e+09
4.85974,5,-0.933807,-1.07915,111.87,121.395,44.8102,1.72982e+09
4.89131,5,0.840752,-1.0455,123.605,120.791,45.7668,1.72982e+09
5.05294,5,-0.603544,-0.975788,136.512,119.986,46.5643,1.72982e+09
4.91956,5,0.649949,-0.91057,148.643,119.021,47.1797,1.72982e+09
4.93302,5,-0.939942,-0.811259,158.866,118.136,47.5203,1.72982e+09
4.91244,5,0.85878,-0.637028,170.774,117.107,47.7056,1.72982e+09
5.55647,8.5,-1.0174,-0.313217,-176.985,115.957,47.671,1.72982e+09
6.33043,8.5,0.0865099,-0.0828057,-169.283,114.908,47.4547,1.72982e+09
7.11316,8.5,1.01665,-0.0191398,-167.223,113.741,47.1311,1.72982e+09
7.86325,8.5,1.56776,-0.0324372,-168.071,112.289,46.7586,1.72982e+09
8.41676,8.5,-0.393531,0.00479507,-166.475,110.778,46.3827,1.72982e+09
8.64757,8.5,-0.989976,0.0120533,-166.267,109.199,45.9955,1.72982e+09
8.64814,8.5,-1.4089,0.0188251,-166.293,107.518,45.5832,1.72982e+09
8.58486,8.5,0.376944,0.188997,-170.119,105.746,45.2252,1.72982e+09
8.51021,8.5,1.60696,0.0876515,-175.571,103.958,45.049,1.72982e+09
8.52928,8.5,0.694183,0.0288527,-178.57,102.25,44.9917,1.72982e+09
8.53829,8.5,1.69997,0.00386076,-179.825,100.629,44.9842,1.72982e+09
8.52393,8.5,1.69776,0.00759378,-179.649,99.0089,44.9771,1.72982e+09
8.50558,8.5,1.70065,0.00625726,-179.728,97.4767,44.9681,1.72982e+09
8.49743,8.5,1.67972,0.00886271,-179.612,95.9456,44.9589,1.72982e+09
8.49741,8.5,1.68885,0.00804222,-179.668,94.4157,44.9485,1.72982e+09
8.49805,8.5,1.69624,0.0070578,-179.729,92.8008,44.9415,1.72982e+09
8.49232,8.5,1.69398,0.00433009,-179.877,91.1862,44.9355,1.72982e+09
8.50419,8.5,1.6829,0.00870845,-179.672,89.4859,44.9292,1.72982e+09
8.48691,8.5,1.68758,0.00796334,-179.726,87.871,44.9216,1.72982e+09
8.49474,8.5,1.67827,0.00893629,-179.696,86.257,44.9136,1.72982e+09
8.48683,8.5,1.69021,0.00764811,-179.781,84.6428,44.9056,1.72982e+09
8.49377,8.5,1.68035,0.00875899,-179.741,83.1134,44.9011,1.72982e+09
8.5209,8.5,1.67603,0.00942723,-179.732,81.4987,44.8921,1.72982e+09
8.50797,8.5,1.68642,0.00846914,-179.804,80.054,44.8852,1.72982e+09
8.50278,8.5,1.69403,0.0075487,-179.87,78.4389,44.8821,1.72982e+09
8.49782,8.5,1.69915,0.00534407,-179.997,76.8235,44.8813,1.72982e+09
8.50688,8.5,1.68944,0.00816665,-179.887,75.0382,44.8766,1.72982e+09
8.49989,8.5,1.67362,0.00933587,-179.858,73.4223,44.8734,1.72982e+09
8.48707,8.5,1.58408,0.0132021,-179.715,71.6379,44.8662,1.72982e+09
8.49696,8.5,1.65564,0.0103673,-179.897,70.0233,44.8625,1.72982e+09
8.50315,8.5,-0.730186,0.0089265,179.99,68.2381,44.8627,1.72982e+09
8.49028,8.5,-0.796293,0.00983254,179.989,66.4524,44.8645,1.72982e+09
8.49288,8.5,-0.769392,0.0094669,179.913,64.6674,44.8662,1.72982e+09
8.50304,8.5,-0.307225,0.00365401,179.586,62.7119,44.8771,1.72982e+09
8.02374,5,-0.657938,0.00900501,179.766,60.9528,44.8849,1.72982e+09
7.12701,5,-0.248402,0.00420372,179.471,59.3636,44.896,1.72982e+09
6.33602,5,-0.345149,0.00744664,179.524,58.0182,44.9066,1.72982e+09
5.55281,5,-0.118242,0.0032858,179.331,56.7148,44.9213,1.72982e+09
5.14076,5,-0.160131,0.00520308,179.355,55.6514,44.9336,1.72982e+09
4.95567,5,-0.142711,0.00498695,179.309,54.5949,44.9461,1.72982e+09
4.77826,5,-0.918025,-0.585347,179.604,53.5609,44.9567,1.72982e+09
4.7096,5,0.70507,-0.449685,-172.91,52.5719,44.8461,1.72982e+09
4.91423,5,0.576392,-0.0872827,-161.503,51.6133,44.5336,1.72982e+09
5.06368,5,-0.985546,0.0608185,-157.781,50.6457,44.1198,1.72982e+09
4.90748,5,-0.523372,-0.653616,-158.528,49.5589,43.7048,1.72982e+09
4.77514,5,-0.882091,-0.55717,-150.573,48.6149,43.1938,1.72982e+09
4.98861,5,0.5755,-0.292258,-139.963,47.8256,42.5402,1.72982e+09
4.97691,5,-0.896623,-0.854391,-129.362,47.1502,41.7318,1.72982e+09
4.81707,5,-0.875285,-0.691138,-116.941,46.6404,40.7688,1.72982e+09
4.95322,5,-0.985401,-0.363895,-103.681,46.371,39.718,1.72982e+09
5.22358,8.5,-0.147025,0.00462348,-92.4389,46.3194,38.6075,1.72982e+09
6.1268,8.5,-0.927393,0.02396,-91.7552,46.2814,37.3573,1.72982e+09
6.95689,8.5,-0.583261,0.0106344,-92.1719,46.2138,35.9824,1.72982e+09
7.76402,8.5,-0.885441,0.0133663,-92.0014,46.1453,34.436,1.72982e+09
8.40283,8.5,-0.852535,0.0108292,-92.1006,46.0791,32.7318,1.72982e+09
8.63723,8.5,-0.710827,0.00839791,-92.2386,46.0098,30.9375,1.72982e+09
8.64363,8.5,-0.880696,0.0105771,-92.1615,45.947,29.296,1.72982e+09
8.60504,8.5,-0.829768,0.00999959,-92.2345,45.8814,27.5706,1.72982e+09
8.55653,8.5,-0.822774,0.0100254,-92.2783,45.8183,25.9416,1.72982e+09
8.54013,8.5,-0.436287,0.00517311,-92.5487,45.7524,24.4054,1.72982e+09
8.50544,8.5,-0.687089,0.00836113,-92.4256,45.679,22.703,1.72982e+09
8.50416,8.5,-0.680427,0.0082777,-92.473,45.6146,21.1737,1.72982e+09
8.48824,8.5,-0.743536,0.00913488,-92.4816,45.5322,19.3062,1.72982e+09
8.36814,5,-0.90863,0.0117296,-92.4374,45.4563,17.5256,1.72982e+09
7.37209,5,-0.376355,0.00598848,-92.7976,45.3689,15.7196,1.72982e+09
6.53046,5,-0.258906,0.00522649,-92.8984,45.2972,14.2631,1.72982e+09
5.73579,5,-0.166357,0.0043397,-92.9809,45.2312,12.9789,1.72982e+09
5.23474,5,-0.18851,0.00591544,-92.9777,45.172,11.8349,1.72982e+09
5.0097,5,-0.236295,0.00812841,-92.9585,45.1133,10.7143,1.72982e+09
4.93671,5,-0.208205,0.00736126,-93.0329,45.0555,9.62387,1.72982e+09
4.88544,5,0.659146,-0.628657,-92.8281,45.0046,8.64028,1.72982e+09
4.72571,5,-0.618662,-0.573209,-86.2529,45.0576,7.53704,1.72982e+09
4.87022,5,0.528579,-0.300257,-74.7785,45.3259,6.47345,1.72982e+09
4.94464,5,-0.982956,-0.667859,-63.8006,45.796,5.49134,1.72982e+09
4.98742,5,0.485748,-0.475706,-52.7605,46.3818,4.70247,1.72982e+09
5.09114,5,0.980789,-0.880676,-40.9644,47.2057,3.96989,1.72982e+09
4.92871,5,0.384783,-0.748925,-29.3197,48.1592,3.41657,1.72982e+09
4.90709,5,-0.452628,-0.508012,-17.3146,49.1985,3.07685,1.72982e+09
5.43546,8.5,-0.705696,-0.120414,-4.86031,50.3124,2.94421,1.72982e+09
6.2352,8.5,-1.14663,0.0319931,0.12856,51.4797,2.94805,1.72982e+09
7.02271,8.5,-0.496332,0.00879643,-0.684484,52.8063,2.93087,1.72982e+09
7.76417,8.5,-0.474351,0.00683868,-0.737291,54.2864,2.9057,1.72982e+09
8.41394,8.5,-0.568161,0.00700094,-0.711949,55.9952,2.88189,1.72982e+09
8.62204,8.5,-0.628762,0.00740386,-0.700012,57.8727,2.8613,1.72982e+09
8.65046,8.5,-0.827899,0.00986567,-0.591933,59.5127,2.84475,1.72982e+09
8.60167,8.5,-0.58105,0.00685074,-0.762828,61.15,2.82629,1.72982e+09
8.57366,8.5,-0.726798,0.00873163,-0.683793,62.9506,2.80198,1.72982e+09
8.5135,8.5,-0.964147,0.0120927,-0.545896,64.7447,2.78558,1.72982e+09
8.50323,8.5,-0.775991,0.00953056,-0.694029,66.4467,2.76511,1.72982e+09
8.49886,8.5,-0.481324,0.00577783,-0.895191,68.0628,2.74159,1.72982e+09
8.50127,8.5,-0.520503,0.00625965,-0.887709,69.8466,2.71506,1.72982e+09
8.49099,8.5,-0.847854,0.0105298,-0.701187,71.9704,2.68529,1.72982e+09
8.50144,8.5,-0.759327,0.00931376,-0.788637,73.9255,2.65874,1.72982e+09
8.50252,8.5,-0.489609,0.00587505,-0.980943,76.0498,2.62332,1.72982e+09
8.50108,8.5,-0.535845,0.00645094,-0.974327,78.0905,2.58846,1.72982e+09
8.50086,8.5,-0.865265,0.0107426,-0.794222,79.9602,2.56098,1.72982e+09
8.50148,8.5,-0.868039,0.0107791,-0.826678,81.5747,2.53785,1.72982e+09
8.50347,8.5,-0.863613,0.010713,-0.872321,83.19,2.51595,1.72982e+09
8.49965,8.5,-0.569609,0.00687579,-1.09198,85.0607,2.48029,1.72982e+09
8.50206,8.5,-0.577619,0.00697247,-1.11319,86.8455,2.44411,1.72982e+09
8.49307,8.5,-0.451172,0.00541408,-1.23278,88.8853,2.40423,1.72982e+09
8.49317,8.5,-0.732514,0.00897882,-1.09621,90.5844,2.37019,1.72982e+09
8.4908,8.5,-0.801548,0.00990193,-1.11017,92.2833,2.33818,1.72982e+09
8.49578,8.5,-0.66182,0.00805457,-1.25528,94.2372,2.29405,1.72982e+09
8.18634,5,-1.05641,0.0146517,-1.08042,96.2661,2.25569,1.72982e+09
7.25277,5,-0.534494,0.00889919,-1.47699,97.9632,2.21239,1.72982e+09
6.44759,5,-0.405463,0.00848493,-1.59012,99.3322,2.17401,1.72982e+09
5.63251,5,-0.13878,0.00375058,-1.8277,100.659,2.13323,1.72982e+09
5.17077,5,-0.247398,0.00799064,-1.76152,101.787,2.09812,1.72982e+09
4.97001,5,-0.670819,0.426058,-1.8998,102.749,2.06623,1.72982e+09
4.82783,5,-0.922786,0.260814,-8.59496,103.658,1.93776,1.72982e+09
4.94599,5,0.467358,-0.0170153,-16.5466,104.875,1.57549,1.72982e+09
4.99915,5,-0.168993,0.00581076,-15.908,105.88,1.28831,1.72982e+09
5.02423,5,-0.143852,0.00489036,-15.9809,106.989,0.971664,1.72982e+09
4.85249,5,0.845448,0.942142,-18.2718,108.079,0.630599,1.72982e+09
4.73279,5,0.935111,0.882686,-29.8778,109.038,0.106482,1.72982e+09
4.81238,5,-0.828897,0.731789,-43.9179,109.891,-0.678667,1.72982e+09
4.94445,5,-0.511022,0.478332,-57.6766,110.481,-1.58096,1.72982e+09
5.11158,5,-0.186525,0.0986186,-70.6949,110.861,-2.6176,1.72982e+09
5.14869,5,0.722806,1.06365,-74.128,111.155,-3.7164,1.72982e+09
4.82077,5,0.722806,1.06365,-73.7242,111.42,-4.62468,1.72982e+09
4.52633,5,0.722806,1.06365,-73.4828,111.659,-5.43062,1.72982e+09
4.17597,5,0.722806,1.06365,-73.287,111.946,-6.3882,1.72982e+09
3.82255,5,0.722806,1.06365,-73.0916,112.237,-7.34403,1.72982e+09
3.53934,5,0.722806,1.06365,-72.9758,112.474,-8.11773,1.72982e+09
3.23785,5,0.722806,1.06365,-72.8285,112.724,-8.9262,1.72982e+09
3.00394,5,0.722806,1.06365,-72.7378,112.918,-9.55142,1.72982e+09
1.88271,5,0.722806,1.06365,-71.7358,113.13,-10.2432,1.72982e+09
0.20332,5,0.722806,1.06365,-71.8002,113.199,-10.4507,1.72982e+09
0.247722,5,0.722806,1.06365,-74.4668,113.145,-10.3482,1.72982e+09
0.202376,5,0.722806,1.06365,-74.0467,113.128,-10.3004,1.72982e+09
0.326449,5,0.722806,1.06365,-74.0382,113.109,-10.2289,1.72982e+09
0.628997,5,0.722806,1.06365,-74.0576,113.083,-10.1269,1.72982e+09
0.6251,5,0.722806,1.06365,-74.156,113.047,-9.98742,1.72982e+09
0.585307,5,0.722806,1.06365,-74.1524,113.023,-9.90597,1.72982e+09
0.544802,5,0.722806,1.06365,-74.1568,113,-9.8245,1.72982e+09
0.489363,5,0.722806,1.06365,-74.1541,112.969,-9.71512,1.72982e+09
0.448958,5,0.722806,1.06365,-74.1542,112.948,-9.63846,1.72982e+09
0.4132,5,0.722806,1.06365,-74.1529,112.929,-9.57213,1.72982e+09
0.379452,5,0.722806,1.06365,-74.1543,112.911,-9.51121,1.72982e+09
0.338311,5,0.722806,1.06365,-74.1526,112.891,-9.43883,1.72982e+09
0.294372,5,0.722806,1.06365,-74.1536,112.87,-9.36595,1.72982e+09
0.258252,5,0.722806,1.06365,-74.1512,112.854,-9.30753,1.72982e+09
0.224671,5,0.722806,1.06365,-74.1532,112.839,-9.25649,1.72982e+09
0.194201,5,0.722806,1.06365,-74.1519,112.827,-9.21415,1.72982e+09
0.164556,5,0.722806,1.06365,-74.1517,112.816,-9.17455,1.72982e+09
0.129986,5,0.722806,1.06365,-74.1527,112.805,-9.135,1.72982e+09
0.0984337,5,0.722806,1.06365,-74.1523,112.795,-9.10203,1.72982e+09
0.0687809,5,0.722806,1.06365,-74.1518,112.788,-9.07711,1.72982e+09
0.0434578,5,0.722806,1.06365,-74.1515,112.784,-9.06245,1.72982e+09
0.0187847,5,0.722806,1.06365,-74.1506,112.782,-9.05463,1.72982e+09
0.0113137,5,0.722806,1.06365,-74.1469,112.781,-9.05157,1.72982e+09
0.000534078,5,0.722806,1.06365,-74.145,112.781,-9.0505,1.72982e+09
0.000706998,5,0.722806,1.06365,-74.1433,112.781,-9.0506,1.72982e+09
0.000432627,5,0.722806,1.06365,-74.1425,112.781,-9.05067,1.72982e+09
0.00033491,5,0.722806,1.06365,-74.1414,112.781,-9.05074,1.72982e+09
0.00032106,5,0.722806,1.06365,-74.1404,112.781,-9.05078,1.72982e+09
0.000196389,5,0.722806,1.06365,-74.1388,112.781,-9.0508,1.72982e+09
0.000216364,5,0.722806,1.06365,-74.137,112.781,-9.05074,1.72982e+09
2.13161e-06,5,0.722806,1.06365,-74.1367,112.781,-9.05075,1.72982e+09
0.000174296,5,0.722806,1.06365,-74.1367,112.781,-9.05073,1.72982e+09
7.18829e-05,5,0.722806,1.06365,-74.1367,112.781,-9.05072,1.72982e+09
0.000304991,5,0.722806,1.06365,-74.1355,112.781,-9.0512,1.72982e+09
1.49812,8.5,0.294743,-0.157376,-3.66833,-13.5637,-1.89628,1.74487e+09
3.72256,8.5,0.548964,-0.038077,-0.854302,-12.2066,-1.97707,1.74487e+09
5.94593,8.5,-0.19085,0.00463664,0.112209,-9.54884,-1.95765,1.74487e+09
7.91924,8.5,-0.471704,0.00653142,0.236108,-5.61369,-1.94722,1.74487e+09
8.27967,8.5,-0.371368,0.00467259,0.130679,-0.96859,-1.93171,1.74487e+09
8.38464,8.5,-0.568041,0.00704941,0.213983,3.70058,-1.91663,1.74487e+09
8.43062,8.5,-0.663795,0.00820904,0.217216,8.74391,-1.89776,1.74487e+09
8.48724,8.5,-0.430144,0.0051631,0.0171655,13.2226,-1.88829,1.74487e+09
8.47321,8.5,-0.495106,0.00598481,0.00136399,17.7945,-1.88562,1.74487e+09
8.48483,8.5,-0.410261,0.00492229,-0.120731,22.4624,-1.8883,1.74487e+09
8.4709,8.5,-0.585055,0.0071193,-0.146893,27.2043,-1.88845,1.74487e+09
7.04764,5,-0.454216,0.00796264,-0.323257,31.7922,-1.90669,1.74487e+09
5.26854,5,-0.127834,0.00394828,-0.625366,35.2676,-1.9383,1.74487e+09
5.03384,5,-0.670711,0.0247682,-4.22377,38.2283,-2.02582,1.74487e+09
5.00384,5,0.358173,0.911445,-5.02442,41.1348,-2.27819,1.74487e+09
4.78788,5,0.66835,0.999665,-38.8495,43.65,-3.46363,1.74487e+09
4.86118,8.5,-0.800842,0.473939,-75.7164,44.9689,-5.99757,1.74487e+09
7.06237,8.5,-0.933039,0.0174735,-89.7454,44.9466,-9.49789,1.74487e+09
8.49443,8.5,-0.407291,0.00487479,-90.2694,44.9279,-14.2215,1.74487e+09
8.52909,8.5,-0.678195,0.00819933,-90.1723,44.9078,-19.2626,1.74487e+09
8.51334,8.5,-0.550155,0.0066102,-90.4213,44.9013,-24.3788,1.74487e+09
8.14992,5,-0.55155,0.00724437,-90.543,44.8646,-29.1332,1.74487e+09
5.98394,5,-0.168854,0.00404631,-90.8271,44.8166,-32.8564,1.74487e+09
5.11172,5,-0.235243,0.00776881,-90.8219,44.7714,-35.868,1.74487e+09
4.69956,5,0.597165,-0.445993,-76.997,44.9987,-38.7378,1.74487e+09
0.745219,8.5,-0.00734666,1.13406,8.73311,-12.3265,-1.41333,1.74489e+09
1.84839,8.5,0.358348,-0.121768,-1.91363,-12.0245,-1.46329,1.74489e+09
3.36153,8.5,-0.135579,0.0103315,-0.376988,-11.141,-1.48225,1.74489e+09
4.86993,8.5,-0.210634,0.00765581,-0.357361,-9.69763,-1.50094,1.74489e+09
6.17244,8.5,-0.338696,0.00770133,-0.297595,-7.92803,-1.51856,1.74489e+09
7.27232,8.5,-0.562543,0.00933992,-0.187279,-6.04467,-1.53034,1.74489e+09
8.17642,8.5,-0.451564,0.00585249,-0.317212,-3.30537,-1.54877,1.74489e+09
8.41374,8.5,-0.545837,0.00671548,-0.292695,0.275348,-1.56801,1.74489e+09
8.46135,8.5,-0.457291,0.00553112,-0.369831,3.98671,-1.59554,1.74489e+09
8.47032,8.5,-0.365735,0.00439409,-0.457524,7.71198,-1.61953,1.74489e+09
8.50257,8.5,-0.399262,0.0047676,-0.457775,10.7662,-1.64549,1.74489e+09
8.4918,8.5,-0.399822,0.00478666,-0.48784,13.9083,-1.66961,1.74489e+09
8.50658,8.5,-0.564094,0.00679524,-0.423911,17.1346,-1.69594,1.74489e+09
8.49661,8.5,-0.437558,0.00524242,-0.553987,20.5334,-1.72328,1.74489e+09
8.50791,8.5,-0.342069,0.00406919,-0.645882,23.4233,-1.75456,1.74489e+09
8.50776,8.5,-0.492896,0.00590828,-0.611908,26.1441,-1.78093,1.74489e+09
8.14776,5,-0.581146,0.00765489,-0.646201,29.6141,-1.81675,1.74489e+09
6.30424,5,-0.153112,0.00330285,-0.957969,32.8542,-1.86533,1.74489e+09
5.21068,5,-0.0918241,0.00289604,-1.03763,35.2221,-1.9061,1.74489e+09
5.01227,5,0.376046,0.119677,-1.47027,37.4093,-1.95003,1.74489e+09
5.0045,5,-0.0941072,0.00321822,-4.80997,39.4013,-2.13116,1.74489e+09
4.75749,5,-0.125594,0.930935,-6.84667,41.3307,-2.31591,1.74489e+09
4.77619,5,-0.840207,1.01891,-35.1924,43.1207,-3.21973,1.74489e+09
4.87955,5,0.730351,0.662095,-66.3805,44.2246,-4.95061,1.74489e+09
5.85491,8.5,1.00977,-0.0613087,-91.5131,44.3645,-7.09828,1.74489e+09
7.5175,8.5,0.0960766,-0.00145492,-89.4917,44.4026,-9.97607,1.74489e+09
8.54906,8.5,-0.515759,0.00613046,-89.1553,44.4549,-13.6632,1.74489e+09
8.5894,8.5,-0.758063,0.00910043,-89.0636,44.5133,-17.4373,1.74489e+09
8.56346,8.5,-0.466002,0.00550386,-89.3098,44.5664,-21.294,1.74489e+09
8.53644,8.5,-0.714502,0.00865145,-89.226,44.6122,-25.055,1.74489e+09
8.36055,5,-0.444882,0.00550942,-89.4785,44.6522,-28.8916,1.74489e+09
6.53167,5,-0.168502,0.00338718,-89.6827,44.6751,-32.158,1.74489e+09
5.26493,5,-0.149687,0.00463385,-89.7275,44.6886,-34.701,1.74489e+09
5.04496,5,0.821914,-0.608965,-89.8141,44.6954,-36.7512,1.74489e+09
4.795,5,0.312068,-0.312429,-72.848,45.0782,-38.8965,1.74489e+09
4.91815,5,0.963854,-0.611918,-61.8886,46.1374,-40.9085,1.74489e+09
4.94198,5,-0.941363,-0.151067,-41.5285,47.6001,-42.5776,1.74489e+09
4.90396,5,-0.633845,-0.556731,-19.4674,49.6625,-43.6279,1.74489e+09
5.83378,8.5,-1.12036,0.0542879,0.603754,51.9612,-43.746,1.74489e+09
7.5913,8.5,-0.671841,0.0103277,-0.794304,54.9857,-43.8096,1.74489e+09
8.52613,8.5,-0.453653,0.00540193,-0.999812,58.682,-43.8772,1.74489e+09
8.58561,8.5,-0.655134,0.00779826,-0.908888,62.3654,-43.9356,1.74489e+09
8.55985,8.5,-0.513678,0.0060893,-1.01723,65.8771,-44.0006,1.74489e+09
8.52771,8.5,-0.486768,0.00580502,-1.06646,69.5504,-44.0645,1.74489e+09
8.51675,8.5,-0.47228,0.00564219,-1.10051,73.0439,-44.133,1.74489e+09
8.50328,8.5,-0.637482,0.0077285,-1.03963,76.7046,-44.2004,1.74489e+09
8.50921,8.5,-0.447325,0.0053462,-1.19073,80.1907,-44.2729,1.74489e+09
8.49732,8.5,-0.425015,0.00508795,-1.24282,83.5064,-44.3427,1.74489e+09
8.49401,8.5,-0.654357,0.00796207,-1.16481,87.0768,-44.4159,1.74489e+09
8.50099,8.5,-0.369545,0.00440837,-1.39764,90.8137,-44.5038,1.74489e+09
8.49042,8.5,-0.646333,0.00786596,-1.30432,94.4657,-44.5927,1.74489e+09
8.49168,8.5,-0.570708,0.00690281,-1.48195,98.1179,-44.6855,1.74489e+09
8.50761,8.5,-0.482241,0.00577709,-1.78772,101.774,-44.7885,1.74489e+09
8.48454,5,-0.741867,0.00912112,0.43652,105.432,-44.7971,1.74489e+09
6.56236,5,-0.314986,0.00631681,0.131308,108.879,-44.7864,1.74489e+09
5.26775,5,-0.0998495,0.00308191,-0.0651974,111.429,-44.7875,1.74489e+09
4.90214,5,-0.457144,-0.562077,2.24095,113.717,-44.7622,1.74489e+09
4.98737,5,-0.997378,0.0542869,23.6301,115.778,-44.1098,1.74489e+09
4.89223,5,-0.973062,-0.785437,24.3532,117.858,-43.2292,1.74489e+09
4.89675,5,0.13096,-0.493053,47.014,119.566,-41.8369,1.74489e+09
4.99701,5,0.904685,-0.434783,75.1775,120.438,-39.8188,1.74489e+09
5.13724,5,-0.699013,0.0249059,89.6294,120.487,-37.692,1.74489e+09
5.11445,5,-0.139529,0.00457607,89.0175,120.529,-35.484,1.74489e+09
6.5445,8.5,-0.483132,0.00988017,89.2572,120.575,-33.0341,1.74489e+09
8.1744,8.5,-0.379403,0.00490044,89.1087,120.633,-29.7844,1.74489e+09
8.48625,8.5,-0.406412,0.00487352,89.105,120.688,-26.2614,1.74489e+09
8.51523,8.5,-0.480514,0.00574538,89.1374,120.741,-22.8556,1.74489e+09
8.52597,8.5,-0.665174,0.00803886,89.2339,120.789,-19.4474,1.74489e+09
8.50604,8.5,-0.689091,0.0083858,89.2302,120.843,-15.7884,1.74489e+09
8.49892,8.5,-0.429689,0.00514319,89.047,120.897,-12.13,1.74489e+09
8.51103,8.5,-0.672737,0.00816502,89.1741,120.948,-8.64115,1.74489e+09
8.49783,8.5,-0.468143,0.00561669,89.0295,121.012,-4.98435,1.74489e+09
8.49847,8.5,-0.495906,0.00595864,89.0234,121.075,-1.24344,1.74489e+09
8.50261,8.5,-0.541421,0.00651812,89.0264,121.138,2.40995,1.74489e+09
8.49694,8.5,-0.574918,0.00694705,89.0184,121.201,6.0643,1.74489e+09
8.50024,8.5,-0.486455,0.00583929,88.9368,121.263,9.46336,1.74489e+09
8.48741,8.5,-0.519368,0.00626631,88.9267,121.332,13.1165,1.74489e+09
8.49642,8.5,-0.5043,0.00606562,88.8768,121.405,16.9414,1.74489e+09
8.48982,8.5,-0.58234,0.00705262,88.8881,121.478,20.5111,1.74489e+09
8.50647,8.5,-0.602051,0.00727293,88.844,121.553,24.2495,1.74489e+09
8.49887,8.5,-0.444017,0.00531878,88.6805,121.635,28.0754,1.74489e+09
7.75465,5,-0.395324,0.00568479,88.601,121.717,31.6671,1.74489e+09
5.99582,5,-0.174961,0.00417703,88.4382,121.795,34.6813,1.74489e+09
5.14512,5,-0.0867752,0.00280668,88.3467,121.861,37.0215,1.74489e+09
5.01932,5,-0.0615976,0.00209228,88.3019,121.92,39.0448,1.74489e+09
5.00271,5,-0.095715,0.00327572,88.2954,121.984,41.1962,1.74489e+09
4.54956,5,-0.875086,-1.12109,100.327,121.859,43.2078,1.74489e+09
4.89518,5,-0.833327,-0.938322,136.987,120.572,44.8862,1.74489e+09
4.84941,5,0.323938,-0.475606,168.32,118.549,45.6573,1.74489e+09
5.71094,8.5,-0.0216235,0.000567034,-176.994,116.188,45.5098,1.74489e+09
7.51462,8.5,0.662712,-0.0103936,-177.608,113.143,45.3301,1.74489e+09
8.5371,8.5,-0.692517,0.00836696,-176.914,109.462,45.1312,1.74489e+09
8.57715,8.5,0.441213,0.031858,-178.445,105.691,44.959,1.74489e+09
8.5624,8.5,1.70961,0.00690232,-179.723,102.352,44.9384,1.74489e+09
8.5396,8.5,1.70241,0.00415245,-179.882,98.8469,44.9249,1.74489e+09
8.51606,8.5,1.6975,0.00413158,-179.904,95.0109,44.9154,1.74489e+09
8.5301,8.5,1.70343,0.00687246,-179.794,91.0898,44.9043,1.74489e+09
8.50103,8.5,1.68874,0.0081251,-179.774,87.3453,44.8871,1.74489e+09
8.49889,8.5,1.69508,0.00728453,-179.842,83.4355,44.884,1.74489e+09
8.50427,8.5,1.69981,0.00508228,-179.989,79.6108,44.8789,1.74489e+09
8.50728,8.5,1.70124,0.00609947,-179.986,75.6989,44.8747,1.74489e+09
8.5039,8.5,-0.458314,0.00548778,179.938,72.2967,44.875,1.74489e+09
8.49343,8.5,-0.505563,0.00608562,179.913,68.3875,44.8812,1.74489e+09
8.49075,8.5,-0.322321,0.00384689,179.75,64.6497,44.8942,1.74489e+09
8.3939,5,-0.54842,0.00678103,179.835,61.6778,44.9063,1.74489e+09
7.16031,5,-0.311408,0.00523622,179.661,59.425,44.9169,1.74489e+09
5.83627,5,-0.208325,0.00525863,179.574,57.2205,44.9332,1.74489e+09
5.11796,5,-0.112927,0.00369454,179.466,55.071,44.953,1.74489e+09
4.72866,5,-0.887308,-0.560581,-178.036,53.117,44.9422,1.74489e+09
4.99785,5,-0.752596,0.0291654,-158.444,51.3292,44.3984,1.74489e+09
4.91625,5,-0.435813,-0.650656,-158.087,49.459,43.6599,1.74489e+09
4.87682,5,0.9585,-0.273997,-139.555,47.8805,42.5607,1.74489e+09
4.93227,5,-0.120388,-0.698679,-118.124,46.7483,40.8941,1.74489e+09
5.0929,5,1.01763,-0.0512531,-94.2044,46.3915,38.972,1.74489e+09
6.55344,8.5,-0.854504,0.0185322,-92.0096,46.3071,36.6727,1.74489e+09
8.18292,8.5,-1.02111,0.0140819,-92.0431,46.1552,33.5037,1.74489e+09
8.57504,8.5,-0.437241,0.00514207,-92.5026,46.0131,30.1242,1.74489e+09
8.58415,8.5,-0.38553,0.00451286,-92.5661,45.8636,26.7793,1.74489e+09
8.5451,8.5,-0.576555,0.00688771,-92.4892,45.7344,23.8693,1.74489e+09
8.51424,8.5,-0.608547,0.00734134,-92.5385,45.6094,20.9709,1.74489e+09
8.36347,5,-0.801596,0.0102204,-92.5201,45.4513,17.398,1.74489e+09
1.10524,8.5,0.0383639,0.756374,5.43844,-12.249,-1.3887,1.7449e+09
2.93596,8.5,-0.333595,0.0351853,0.0159061,-11.4119,-1.47208,1.7449e+09
4.72102,8.5,-0.175612,0.00677775,-0.391804,-9.83806,-1.49645,1.7449e+09
6.66661,8.5,-0.39361,0.00768843,-0.281258,-7.09973,-1.52243,1.7449e+09
8.06316,8.5,-0.501389,0.00670638,-0.283056,-3.49793,-1.54507,1.7449e+09
8.34131,8.5,-0.519744,0.00649645,-0.308139,0.369717,-1.56771,1.7449e+09
8.40054,8.5,-0.486559,0.00598211,-0.368468,4.64084,-1.59127,1.7449e+09
8.4348,8.5,-0.722665,0.00897685,-0.263426,8.94062,-1.6172,1.7449e+09
8.46854,8.5,-0.69536,0.00854446,-0.328136,13.0851,-1.6471,1.7449e+09
8.4808,8.5,-0.491269,0.00592625,-0.507535,16.8972,-1.67685,1.7449e+09
8.48045,8.5,-0.72868,0.00895624,-0.41682,20.6348,-1.70901,1.7449e+09
8.49402,8.5,-0.602901,0.00730553,-0.56008,23.9443,-1.74136,1.7449e+09
8.50089,8.5,-0.469836,0.00563345,-0.705729,27.1716,-1.77928,1.7449e+09
7.18257,5,-0.301026,0.00502741,-0.919736,31.5567,-1.83333,1.7449e+09
5.30857,5,-0.132052,0.00401778,-1.09461,35.0963,-1.89563,1.7449e+09
5.0422,5,-0.675296,0.0248839,-4.36171,38.1191,-2.00237,1.7449e+09
5.03151,5,-0.276277,0.902468,-4.93244,41.0281,-2.26405,1.7449e+09
4.86199,5,-0.961458,1.00696,-36.4949,43.5443,-3.35794,1.7449e+09
4.85686,8.5,0.192582,0.407905,-77.7283,44.7563,-5.81653,1.7449e+09
7.04282,8.5,-1.08084,0.0212383,-89.1265,44.7006,-9.24455,1.7449e+09
8.48851,8.5,-0.639475,0.00778165,-89.6548,44.7185,-13.8691,1.7449e+09
8.55527,8.5,-0.509699,0.00604722,-89.8064,44.7398,-18.8205,1.7449e+09
8.52379,8.5,-0.59167,0.00711229,-89.8221,44.7516,-23.0066,1.7449e+09
8.51254,8.5,-0.458006,0.00547273,-90.0079,44.761,-27.2692,1.7449e+09
7.0603,5,-0.333307,0.00577276,-90.1333,44.7561,-31.1027,1.7449e+09
5.39909,5,-0.137599,0.00404787,-90.2902,44.7416,-34.0531,1.7449e+09
5.05079,5,-0.119817,0.00402619,-90.3495,44.7275,-36.3807,1.7449e+09
4.82757,5,0.400228,-0.307407,-73.1912,45.0525,-38.7589,1.7449e+09
4.86312,5,0.970132,-0.614382,-60.6158,46.3626,-41.2602,1.7449e+09
5.03012,5,0.19204,-0.795835,-33.4103,48.3817,-43.1232,1.7449e+09
5.09647,8.5,0.772437,-0.0288519,-2.09175,51.0277,-43.7427,1.7449e+09
7.4146,8.5,-0.647737,0.0104272,-0.830878,54.668,-43.7762,1.7449e+09
8.52315,8.5,-0.510976,0.00610936,-0.994314,59.0859,-43.8625,1.7449e+09
8.55401,8.5,-0.539716,0.00641761,-1.00644,63.9589,-43.9525,1.7449e+09
8.53866,8.5,-0.461313,0.00547914,-1.09248,68.832,-44.0411,1.7449e+09
8.52558,8.5,-0.45417,0.00540895,-1.13546,73.5215,-44.1316,1.7449e+09
8.50343,8.5,-0.542925,0.0065356,-1.12574,78.2058,-44.2253,1.7449e+09
8.53504,8.5,-0.509851,0.00607824,-1.20277,83.2241,-44.3314,1.7449e+09
8.49896,8.5,-0.465326,0.00558051,-1.32129,88.2391,-44.4364,1.7449e+09
0.927847,8.5,-0.173622,0.942824,6.82036,-12.2791,-1.38605,1.7449e+09
2.24056,8.5,0.299877,-0.055907,-1.33449,-11.8255,-1.45604,1.7449e+09
3.58898,8.5,-0.192483,0.0129373,-0.327069,-10.9488,-1.46774,1.7449e+09
4.91616,8.5,-0.299168,0.0107562,-0.284869,-9.62774,-1.48544,1.7449e+09
6.29722,8.5,-0.395922,0.00868559,-0.27507,-7.71777,-1.50457,1.7449e+09
7.53075,8.5,-0.387299,0.00590667,-0.339467,-5.50206,-1.52386,1.7449e+09
8.19849,8.5,-0.639441,0.00835742,-0.213612,-3.11925,-1.53774,1.7449e+09
8.3981,8.5,-0.620233,0.00770297,-0.258869,-0.789367,-1.54643,1.7449e+09
8.47533,8.5,-0.333941,0.004002,-0.453246,1.83025,-1.56593,1.7449e+09
8.49832,8.5,-0.534382,0.00643695,-0.354288,4.29258,-1.57986,1.7449e+09
8.49614,8.5,-0.532782,0.00642036,-0.378012,7.01341,-1.59874,1.7449e+09
8.50044,8.5,-0.53346,0.0064222,-0.40534,9.73392,-1.61726,1.7449e+09
8.4983,8.5,-0.625076,0.00757959,-0.376837,12.3701,-1.63665,1.7449e+09
8.49263,8.5,-0.672898,0.00820357,-0.383746,14.8358,-1.65254,1.7449e+09
8.50874,8.5,-0.503674,0.00604003,-0.517883,17.0463,-1.67213,1.7449e+09
8.49568,8.5,-0.314817,0.00375188,-0.658309,19.4268,-1.69668,1.7449e+09
8.49601,8.5,-0.582813,0.0070481,-0.5265,21.8915,-1.72293,1.7449e+09
8.50664,8.5,-0.394155,0.00470093,-0.689794,24.6119,-1.75193,1.7449e+09
8.4909,8.5,-0.465349,0.00559152,-0.699294,27.076,-1.77963,1.7449e+09
8.18938,5,-0.367134,0.00472169,-0.798626,29.5294,-1.81272,1.7449e+09
6.85997,5,-0.328767,0.00603333,-0.855535,31.9313,-1.84542,1.7449e+09
5.65606,5,-0.1331,0.00356639,-1.02042,33.9255,-1.8793,1.7449e+09
5.09586,5,-0.0930016,0.00306712,-1.07081,35.6769,-1.9123,1.7449e+09
4.96503,5,0.555788,0.127897,-1.30368,37.4325,-1.94733,1.7449e+09
4.97179,5,-0.00543472,0.00018803,-4.97663,39.1607,-2.10429,1.7449e+09
4.93581,5,-0.235651,0.912151,-5.01036,41.0446,-2.26594,1.7449e+09
4.74359,5,0.88771,0.793745,-29.7362,42.9116,-2.99742,1.7449e+09
4.85235,5,-0.910506,0.743042,-62.1378,44.2072,-4.69308,1.7449e+09
5.8395,8.5,1.0896,-0.0567242,-91.4973,44.4472,-6.9672,1.7449e+09
7.60449,8.5,0.0211377,-0.000312612,-89.5448,44.4569,-10.0622,1.7449e+09
8.53922,8.5,-0.652361,0.00785036,-89.1801,44.5047,-13.601,1.7449e+09
8.58966,8.5,-0.571504,0.00675287,-89.289,44.5559,-17.5501,1.7449e+09
8.55434,8.5,-0.407967,0.00481421,-89.4424,44.5986,-21.4042,1.7449e+09
8.54026,8.5,-0.482237,0.00573233,-89.4598,44.6361,-25.336,1.7449e+09
8.24674,5,-0.576721,0.00740866,-89.4855,44.6709,-29.1644,1.7449e+09
6.34682,5,-0.336504,0.00723044,-89.6616,44.6911,-32.5078,1.7449e+09
5.21482,5,-0.122689,0.00386729,-89.8589,44.6981,-34.9949,1.7449e+09
4.97556,5,0.604616,-0.62184,-88.2684,44.7217,-37.3811,1.7449e+09
4.91951,5,0.289283,-0.0984914,-66.3148,45.3546,-39.5033,1.7449e+09
4.89071,5,-0.977421,-0.537807,-56.5193,46.5313,-41.5183,1.7449e+09
4.94015,5,0.988017,-0.823793,-34.988,48.1478,-42.9137,1.7449e+09
4.95784,5,0.991183,-0.264702,-9.24318,50.2727,-43.603,1.7449e+09
6.55047,8.5,-0.353209,0.00712786,-1.15421,52.9211,-43.6062,1.7449e+09
8.25599,8.5,-0.566495,0.00725495,-1.081,56.3368,-43.6879,1.7449e+09
8.5541,8.5,-0.615214,0.00735494,-1.08839,60.0637,-43.7615,1.7449e+09
8.56869,8.5,-0.490617,0.00579562,-1.19797,64.0039,-43.8387,1.7449e+09
8.55112,8.5,-0.57864,0.00690374,-1.1762,68.0191,-43.9218,1.7449e+09
8.53605,8.5,-0.449361,0.00533699,-1.28405,71.8587,-44.0071,1.7449e+09
8.51387,8.5,-0.451305,0.00538895,-1.3122,75.3515,-44.0861,1.7449e+09
8.51058,8.5,-0.460754,0.00550898,-1.33993,78.7542,-44.1647,1.7449e+09
8.51214,8.5,-0.452202,0.00540216,-1.3881,82.1545,-44.2435,1.7449e+09
8.50205,8.5,-0.588168,0.00710534,-1.35418,85.9795,-44.3375,1.7449e+09
8.49658,8.5,-0.452378,0.00542436,-1.4973,89.803,-44.4359,1.7449e+09
8.49893,8.5,-0.362113,0.00432042,-1.63399,93.6243,-44.5377,1.7449e+09
8.49824,8.5,-0.432636,0.0051801,-1.70029,97.4485,-44.647,1.7449e+09
8.50037,8.5,-0.548783,0.0066136,-1.86161,101.274,-44.7632,1.7449e+09
8.49499,5,-0.811233,0.0100221,0.481762,105.097,-44.797,1.7449e+09
6.64433,5,-0.284178,0.00554783,0.117298,108.499,-44.7873,1.7449e+09
5.28293,5,-0.126252,0.00387792,-0.0267777,111.131,-44.7878,1.7449e+09
4.91624,5,-0.465436,-0.560592,1.75522,113.53,-44.7693,1.7449e+09
4.97588,5,-0.625753,0.0233694,22.3515,115.517,-44.1813,1.7449e+09
4.90579,5,-0.814655,-0.77336,23.6098,117.603,-43.3144,1.7449e+09
4.80795,5,0.958048,-0.464289,46.163,119.322,-41.9552,1.7449e+09
4.89235,5,0.934025,-0.46325,74.3143,120.256,-39.8698,1.7449e+09
5.15416,5,-0.765408,0.0277618,89.5997,120.318,-37.6029,1.7449e+09
5.13633,5,-0.0971551,0.00315414,88.8584,120.367,-35.3865,1.7449e+09
6.90494,8.5,-0.592905,0.0109917,89.2055,120.425,-32.5816,1.7449e+09
8.33171,8.5,-0.49091,0.00613892,89.0524,120.489,-29.1063,1.7449e+09
8.52402,8.5,-0.633621,0.00764098,89.1164,120.551,-25.2929,1.7449e+09
8.52631,8.5,-0.638725,0.0077015,89.0983,120.611,-21.4551,1.7449e+09
8.53517,8.5,-0.282158,0.00332765,88.8655,120.681,-17.6168,1.7449e+09
8.5155,8.5,-0.305488,0.00362243,88.8658,120.753,-13.7867,1.7449e+09
8.50261,8.5,-0.486548,0.00583712,88.954,120.822,-9.87359,1.7449e+09
8.49568,8.5,-0.504975,0.00607506,88.943,120.887,-6.21959,1.7449e+09
8.50805,8.5,-0.484801,0.00580802,88.9109,120.958,-2.56373,1.7449e+09
8.50223,8.5,-0.498586,0.00598646,88.8955,121.032,1.2625,1.7449e+09
8.50944,8.5,-0.472962,0.0056604,88.8572,121.112,5.17162,1.7449e+09
8.51935,8.5,-0.478842,0.00571921,88.8247,121.185,8.99845,1.7449e+09
8.49299,8.5,-0.431716,0.0051753,88.7707,121.268,12.8253,1.7449e+09
8.50155,8.5,-0.413638,0.00494394,88.7195,121.347,16.6478,1.7449e+09
8.49958,8.5,-0.520679,0.00626438,88.7552,121.432,20.3014,1.7449e+09
8.50282,8.5,-0.307881,0.00366209,88.5719,121.514,24.0397,1.7449e+09
8.50468,8.5,-0.739211,0.0090415,88.7794,121.603,27.8642,1.7449e+09
7.74746,5,-0.272885,0.00390842,88.4307,121.693,31.5363,1.7449e+09
5.99107,5,-0.254445,0.00610903,88.4065,121.773,34.5469,1.7449e+09
5.145,5,-0.122971,0.00398236,88.2816,121.841,36.8341,1.7449e+09
5.01728,5,-0.123585,0.00420924,88.2504,121.911,39.1089,1.7449e+09
5.00002,5,-0.0922522,0.00316026,88.1745,121.98,41.31,1.7449e+09
4.65565,5,-0.115486,-1.11421,100.044,121.837,43.4802,1.7449e+09
4.85537,5,0.680508,-1.01495,128.758,120.722,45.3696,1.7449e+09
4.82518,5,-0.614552,-0.805326,155.769,118.858,46.5593,1.7449e+09
5.2119,8.5,-0.684153,-0.125832,-175.389,116.618,46.7041,1.7449e+09
7.1282,8.5,1.30637,-0.0475313,-173.952,113.803,46.2126,1.7449e+09
8.48898,8.5,-0.75406,0.00927238,-171.78,110.193,45.6758,1.7449e+09
8.55739,8.5,-0.0085571,0.124782,-173.557,106.284,45.1497,1.7449e+09
8.5594,8.5,-0.126343,0.00147616,-179.839,102.52,45.0783,1.7449e+09
8.54914,8.5,-0.556905,0.00663739,-179.604,98.7558,45.054,1.7449e+09
8.52347,8.5,-0.397011,0.00471677,-179.726,94.9135,45.0298,1.7449e+09
8.52349,8.5,-0.434312,0.00516951,-179.73,91.0778,45.0089,1.7449e+09
8.5058,8.5,1.68768,0.00325091,-179.85,87.1646,44.9928,1.7449e+09
8.50222,8.5,1.67577,0.00921742,-179.587,83.5079,44.9744,1.7449e+09
8.49416,8.5,1.69365,0.00736453,-179.719,79.8527,44.957,1.7449e+09
8.4973,8.5,1.69923,0.00612155,-179.828,76.1135,44.9418,1.7449e+09
8.49684,8.5,1.69497,0.00723822,-179.818,72.2841,44.9338,1.7449e+09
8.48734,8.5,1.6974,0.00598395,-179.942,68.461,44.9267,1.7449e+09
8.5066,8.5,-0.338654,0.00402926,179.892,64.6369,44.926,1.7449e+09
7.90435,5,-0.616015,0.00866119,179.998,60.8488,44.9302,1.7449e+09
6.10411,5,-0.263598,0.00609813,179.758,57.7058,44.9454,1.7449e+09
5.15637,5,-0.166424,0.0053765,179.64,55.3397,44.9595,1.7449e+09
4.8546,5,-0.74424,-0.55717,-178.188,53.072,44.9486,1.7449e+09
5.01702,5,-0.974184,0.0617113,-157.358,50.9653,44.2705,1.7449e+09
4.79982,5,0.46679,-0.594954,-152.932,48.8671,43.3671,1.7449e+09
4.93668,5,-0.516432,-0.85146,-128.975,47.2716,41.8229,1.7449e+09
4.90456,5,-0.797468,-0.382545,-104.289,46.4254,39.7562,1.7449e+09
6.04312,8.5,-0.886215,0.0232911,-91.9065,46.346,37.3793,1.7449e+09
7.75747,8.5,-1.02361,0.0158843,-91.9909,46.1922,34.3413,1.7449e+09
8.52998,8.5,-0.446149,0.00530555,-92.4712,46.0259,30.6092,1.7449e+09
8.57024,8.5,-0.547145,0.00648409,-92.4654,45.8616,26.7555,1.7449e+09
8.5585,8.5,-0.508611,0.00602926,-92.5586,45.6988,22.9887,1.7449e+09
8.5304,8.5,-0.536522,0.00641427,-92.6302,45.5452,19.4903,1.7449e+09
7.65282,5,-0.249941,0.00366619,-92.8612,45.383,16.0861,1.7449e+09
6.10337,5,-0.208799,0.00481725,-92.9134,45.2496,13.4131,1.7449e+09
5.18702,5,-0.0996897,0.00317364,-93.033,45.1345,11.2039,1.7449e+09
5.02142,5,0.940107,-0.605605,-93.0838,45.0103,8.87278,1.7449e+09
4.82721,5,-0.703648,-0.191044,-73.0517,45.351,6.70543,1.7449e+09
4.7554,5,-0.601327,-0.671361,-60.9099,46.2732,4.85634,1.7449e+09
4.81826,5,-0.615615,-0.948728,-44.9535,47.3201,3.65892,1.7449e+09
4.90066,5,0.963323,-0.735244,-27.8561,48.5315,2.93083,1.7449e+09
5.31554,8.5,-0.803738,-0.1726,-6.02176,50.2369,2.54415,1.7449e+09
6.58817,8.5,-0.622856,0.0127819,-0.149723,52.144,2.5674,1.7449e+09
7.99133,8.5,-0.476294,0.00647665,-0.339724,54.8445,2.53735,1.7449e+09
8.59119,8.5,-0.479785,0.00563404,-0.380545,58.3839,2.51509,1.7449e+09
8.60872,8.5,-0.470812,0.00550306,-0.405303,61.7435,2.49048,1.7449e+09
8.56388,8.5,-0.595679,0.00709425,-0.357156,64.9217,2.47392,1.7449e+09
8.55932,8.5,-0.580952,0.00691892,-0.388011,68.257,2.44666,1.7449e+09
8.52788,8.5,-0.430548,0.00511838,-0.503454,71.1553,2.42412,1.7449e+09
8.50451,8.5,-0.412625,0.00492811,-0.537793,74.1341,2.3979,1.7449e+09
8.51467,8.5,-0.379536,0.00451491,-0.588705,77.0258,2.37358,1.7449e+09
8.50488,8.5,-0.45838,0.0054873,-0.584252,80.5115,2.34309,1.7449e+09
8.51125,8.5,-0.419857,0.00500827,-0.640517,83.743,2.30711,1.7449e+09
8.49892,8.5,-0.551507,0.00664998,-0.618898,87.0609,2.27472,1.7449e+09
8.49852,8.5,-0.428394,0.00512784,-0.752967,90.6298,2.23069,1.7449e+09
8.4928,8.5,-0.870926,0.0108422,-0.558664,94.0306,2.18867,1.7449e+09
7.44604,5,-0.302053,0.00469165,-1.0019,97.6411,2.13441,1.7449e+09
5.85074,5,-0.18146,0.00455182,-1.11886,100.36,2.08326,1.7449e+09
5.11585,5,-0.8798,0.423259,-1.23338,102.668,2.03479,1.7449e+09
4.99123,5,0.95925,-0.0441865,-17.0474,104.687,1.59782,1.7449e+09
5.03541,5,-0.125144,0.00423188,-15.6484,106.766,1.01231,1.7449e+09
4.74863,5,-0.191175,0.902936,-26.5844,108.773,0.261887,1.7449e+09
4.78345,5,-0.35615,0.496309,-55.7243,110.2,-1.25723,1.7449e+09
5.13863,5,0.854684,-0.0326741,-71.8832,110.901,-3.32683,1.7449e+09
4.53696,5,-0.70841,1.05799,-70.4574,111.64,-5.39989,1.7449e+09
3.88511,5,-0.70841,1.05799,-70.1506,112.28,-7.17923,1.7449e+09
3.33068,5,-0.70841,1.05799,-69.9142,112.823,-8.66743,1.7449e+09
2.86055,5,-0.70841,1.05799,-69.7338,113.282,-9.91414,1.7449e+09
2.46034,5,-0.70841,1.05799,-69.6133,113.671,-10.9597,1.7449e+09
2.13464,5,-0.70841,1.05799,-69.5174,113.984,-11.7978,1.7449e+09
1.85917,5,-0.70841,1.05799,-69.4444,114.243,-12.4884,1.7449e+09
1.59554,5,-0.70841,1.05799,-69.3756,114.486,-13.1338,1.7449e+09
1.37896,5,-0.70841,1.05799,-69.3194,114.68,-13.6478,1.7449e+09
1.16252,5,-0.70841,1.05799,-69.2736,114.869,-14.1457,1.7449e+09
0.973373,5,-0.70841,1.05799,-69.2581,115.031,-14.5741,1.7449e+09
0.823742,5,-0.70841,1.05799,-69.251,115.155,-14.9012,1.7449e+09
0.687473,5,-0.70841,1.05799,-69.25,115.265,-15.1902,1.7449e+09
0.567124,5,-0.70841,1.05799,-69.2444,115.358,-15.4359,1.7449e+09
0.458183,5,-0.70841,1.05799,-69.2427,115.438,-15.6462,1.7449e+09
0.366369,5,-0.70841,1.05799,-69.241,115.5,-15.8116,1.7449e+09
0.291917,5,-0.70841,1.05799,-69.2382,115.547,-15.9343,1.7449e+09
0.22893,5,-0.70841,1.05799,-69.2387,115.582,-16.0265,1.7449e+09
0.168457,5,-0.70841,1.05799,-69.2385,115.611,-16.1025,1.7449e+09
0.1145,5,-0.70841,1.05799,-69.2376,115.631,-16.1565,1.7449e+09
0.0609342,5,-0.70841,1.05799,-69.2365,115.645,-16.1936,1.7449e+09
0.0245919,5,-0.70841,1.05799,-69.2369,115.651,-16.2099,1.7449e+09
0.000111579,5,-0.70841,1.05799,-69.2361,115.653,-16.2143,1.7449e+09
9.93816e-05,5,-0.70841,1.05799,-69.2359,115.653,-16.2143,1.7449e+09
0.000103242,5,-0.70841,1.05799,-69.2357,115.653,-16.2144,1.7449e+09
0.000110596,5,-0.70841,1.05799,-69.2355,115.653,-16.2144,1.7449e+09
0.000114457,5,-0.70841,1.05799,-69.2354,115.653,-16.2145,1.7449e+09
0.000118035,5,-0.70841,1.05799,-69.2353,115.653,-16.2145,1.7449e+09
0.000123868,5,-0.70841,1.05799,-69.2352,115.653,-16.2145,1.7449e+09
0.000127665,5,-0.70841,1.05799,-69.235,115.653,-16.2146,1.7449e+09
0.000131198,5,-0.70841,1.05799,-69.2349,115.653,-16.2146,1.7449e+09
0.000132012,5,-0.70841,1.05799,-69.2347,115.653,-16.2147,1.7449e+09
0.000139513,5,-0.70841,1.05799,-69.2345,115.653,-16.2147,1.7449e+09
0.00014685,5,-0.70841,1.05799,-69.2343,115.653,-16.2148,1.7449e+09
0.000155768,5,-0.70841,1.05799,-69.2341,115.653,-16.2148,1.7449e+09
0.000162747,5,-0.70841,1.05799,-69.2338,115.653,-16.2149,1.7449e+09
0.000164629,5,-0.70841,1.05799,-69.2334,115.653,-16.2149,1.7449e+09
0.000661251,8.5,3.25771e-05,1.57015,2.81626,-13.8146,-1.81866,1.7449e+09
0.00116651,8.5,5.62976e-05,1.56966,2.82055,-13.8143,-1.81861,1.7449e+09
0.000476963,8.5,2.2567e-05,1.57033,2.82462,-13.8141,-1.81857,1.7449e+09
0.000344201,8.5,1.58992e-05,1.57046,2.82944,-13.8138,-1.81851,1.7449e+09
0.00135458,8.5,6.09974e-05,1.56949,2.83441,-13.8135,-1.81846,1.7449e+09
0.000163067,8.5,7.16149e-06,1.57064,2.83916,-13.8133,-1.8184,1.7449e+09
0.000235023,8.5,1.009e-05,1.57057,2.84338,-13.8131,-1.81836,1.7449e+09
0.00119574,8.5,5.0212e-05,1.56964,2.84741,-13.8129,-1.81831,1.7449e+09
0.000301863,8.5,1.2331e-05,1.57051,2.85231,-13.8126,-1.81826,1.7449e+09
0.000928028,8.5,3.68794e-05,1.5699,2.85714,-13.8124,-1.81821,1.7449e+09
0.000954711,8.5,3.68069e-05,1.56988,2.86228,-13.8122,-1.81815,1.7449e+09
0.000912168,8.5,3.41594e-05,1.56992,2.86698,-13.812,-1.8181,1.7449e+09
0.00095017,8.5,3.44706e-05,1.56988,2.87204,-13.8118,-1.81805,1.7449e+09
0.00190394,8.5,6.71148e-05,1.56897,2.87646,-13.8116,-1.818,1.7449e+09
0.0006219,8.5,2.13012e-05,1.5702,2.88072,-13.8114,-1.81795,1.7449e+09
0.000591457,8.5,1.95432e-05,1.57023,2.88598,-13.8112,-1.8179,1.7449e+09
0.000835563,8.5,2.66628e-05,1.57,2.89093,-13.8111,-1.81785,1.7449e+09
0.000158225,8.5,4.86098e-06,1.57065,2.89603,-13.8109,-1.8178,1.7449e+09
0.00046661,8.5,1.37745e-05,1.57035,2.90122,-13.8107,-1.81774,1.7449e+09
0.0003483,8.5,9.84537e-06,1.57046,2.90669,-13.8105,-1.81769,1.7449e+09
0.000229614,8.5,6.26922e-06,1.57058,2.91091,-13.8105,-1.81765,1.7449e+09
0.000122764,8.5,3.22892e-06,1.57068,2.9153,-13.8104,-1.8176,1.7449e+09
0.00119827,8.5,3.02882e-05,1.56966,2.91984,-13.8103,-1.81756,1.7449e+09
0.000915808,8.5,2.22739e-05,1.56993,2.92403,-13.8102,-1.81752,1.7449e+09
0.000218584,8.5,5.10397e-06,1.57059,2.92832,-13.8102,-1.81748,1.7449e+09
0.000336292,8.5,7.5397e-06,1.57048,2.93241,-13.8101,-1.81744,1.7449e+09
0.000110268,8.5,2.37205e-06,1.57069,2.93639,-13.81,-1.81741,1.7449e+09
0.000218815,8.5,4.4354e-06,1.57059,2.94191,-13.81,-1.81736,1.7449e+09
0.000677205,8.5,1.04224e-05,1.57016,2.96306,-13.8094,-1.81715,1.7449e+09
0.000508446,8.5,7.40101e-06,1.57032,2.96667,-13.8093,-1.81711,1.7449e+09
0.000195068,8.5,2.68711e-06,1.57061,2.97009,-13.8092,-1.81708,1.7449e+09
0.000599243,8.5,7.86341e-06,1.57023,2.97287,-13.8092,-1.81705,1.7449e+09
0.000468407,8.5,5.77994e-06,1.57036,2.97607,-13.8089,-1.81701,1.7449e+09
0.000210124,8.5,2.45672e-06,1.5706,2.97862,-13.8087,-1.81698,1.7449e+09
0.000291804,8.5,3.19667e-06,1.57052,2.98156,-13.8084,-1.81694,1.7449e+09
0.000543475,8.5,5.49231e-06,1.57029,2.98493,-13.8081,-1.81689,1.7449e+09
0.000313898,8.5,2.89104e-06,1.5705,2.98851,-13.8078,-1.81684,1.7449e+09
0.000295713,8.5,2.59985e-06,1.57052,2.99015,-13.8076,-1.81682,1.7449e+09
0.000154861,8.5,1.26117e-06,1.57065,2.99288,-13.8075,-1.81679,1.7449e+09
0.000239411,8.5,1.82379e-06,1.57057,2.99512,-13.8074,-1.81677,1.7449e+09
0.000661814,8.5,4.66811e-06,1.57018,2.99758,-13.8073,-1.81674,1.7449e+09
0.000497706,8.5,3.23196e-06,1.57033,3.00016,-13.8074,-1.81673,1.7449e+09
0.000333231,8.5,2.05932e-06,1.57048,3.00161,-13.8074,-1.81672,1.7449e+09
0.00039363,8.5,2.19907e-06,1.57043,3.00435,-13.8075,-1.8167,1.7449e+09
0.000137536,8.5,7.3313e-07,1.57067,3.00555,-13.8075,-1.81669,1.7449e+09
0.00060218,8.5,2.78857e-06,1.57023,3.00878,-13.8076,-1.81666,1.7449e+09
0.00014666,8.5,6.27861e-07,1.57066,3.01042,-13.8077,-1.81665,1.7449e+09
0.000491403,8.5,1.7598e-06,1.57034,3.01365,-13.8077,-1.81663,1.7449e+09
0.000116457,8.5,3.79906e-07,1.57069,3.01511,-13.8078,-1.81662,1.7449e+09
0.000233787,8.5,6.43714e-07,1.57058,3.01744,-13.8078,-1.8166,1.7449e+09
0.000608626,8.5,1.34896e-06,1.57023,3.01987,-13.8078,-1.81658,1.7449e+09
0.000364674,8.5,6.47286e-07,1.57046,3.02187,-13.8078,-1.81656,1.7449e+09
0.000250423,8.5,3.31932e-07,1.57056,3.02388,-13.8078,-1.81655,1.7449e+09
0.000215086,8.5,1.87404e-07,1.5706,3.02592,-13.8078,-1.81653,1.7449e+09
0.000124697,8.5,5.98571e-08,1.57068,3.02768,-13.8078,-1.81652,1.7449e+09
0.000222888,8.5,3.80995e-08,1.57059,3.02904,-13.8078,-1.8165,1.7449e+09
0.000120607,8.5,-3.5138e-08,1.57068,3.03111,-13.8078,-1.81649,1.7449e+09
0.000234863,8.5,-1.60279e-07,1.57058,3.03288,-13.8078,-1.81647,1.7449e+09
0.00034469,8.5,-3.72151e-07,1.57048,3.03469,-13.8079,-1.81646,1.7449e+09
0.000421271,8.5,-5.9765e-07,1.5704,3.03619,-13.8079,-1.81645,1.7449e+09
0.000148912,8.5,-2.76925e-07,1.57066,3.03813,-13.8078,-1.81643,1.7449e+09
0.000300416,8.5,-6.98783e-07,1.57052,3.04019,-13.8078,-1.81641,1.7449e+09
6.56518e-05,8.5,-1.83722e-07,1.57074,3.04228,-13.8078,-1.81639,1.7449e+09
0.000249164,8.5,-8.0567e-07,1.57056,3.04419,-13.8078,-1.81637,1.7449e+09
0.000352026,8.5,-1.28027e-06,1.57047,3.04594,-13.8077,-1.81636,1.7449e+09
0.000290589,8.5,-1.15931e-06,1.57053,3.04747,-13.8077,-1.81634,1.7449e+09
8.74059e-05,8.5,-3.96723e-07,1.57072,3.04992,-13.8077,-1.81632,1.7449e+09
0.000127073,8.5,-6.21615e-07,1.57068,3.05145,-13.8077,-1.8163,1.7449e+09
0.000107534,8.5,-5.78295e-07,1.5707,3.05361,-13.8076,-1.81629,1.7449e+09
7.89319e-05,8.5,-4.5236e-07,1.57072,3.05515,-13.8076,-1.81627,1.7449e+09
0.000116802,8.5,-7.23519e-07,1.57069,3.05719,-13.8076,-1.81625,1.7449e+09
0.000142248,8.5,-9.47775e-07,1.57066,3.05926,-13.8076,-1.81623,1.7449e+09
0.000248339,8.5,-1.75342e-06,1.57057,3.06102,-13.8075,-1.81622,1.7449e+09
0.00075875,8.5,-5.65617e-06,1.57009,3.06272,-13.8075,-1.8162,1.7449e+09
0.000276107,8.5,-2.15758e-06,1.57054,3.0643,-13.8075,-1.81619,1.7449e+09
0.000141166,8.5,-1.17081e-06,1.57067,3.06642,-13.8075,-1.81617,1.7449e+09
0.000179314,8.5,-1.57234e-06,1.57063,3.06853,-13.8075,-1.81615,1.7449e+09
0.000153317,8.5,-1.39492e-06,1.57065,3.06996,-13.8074,-1.81614,1.7449e+09
0.000421599,8.5,-4.04697e-06,1.57041,3.07219,-13.8074,-1.81612,1.7449e+09
0.000443392,8.5,-4.40988e-06,1.57039,3.0737,-13.8074,-1.8161,1.7449e+09
0.000304138,8.5,-3.18206e-06,1.57052,3.07603,-13.8074,-1.81608,1.7449e+09
2.99599e-05,8.5,-3.23599e-07,1.57077,3.0775,-13.8074,-1.81607,1.7449e+09
0.000205243,8.5,-2.31686e-06,1.57061,3.07966,-13.8074,-1.81605,1.7449e+09
0.000183862,8.5,-2.16131e-06,1.57063,3.08172,-13.8073,-1.81603,1.7449e+09
0.00026366,8.5,-3.19732e-06,1.57055,3.08334,-13.8073,-1.81601,1.7449e+09
0.000316384,8.5,-3.98108e-06,1.5705,3.08537,-13.8073,-1.816,1.7449e+09
0.000408538,8.5,-5.3388e-06,1.57042,3.08753,-13.8073,-1.81598,1.7449e+09
5.8524e-05,8.5,-7.85939e-07,1.57074,3.0891,-13.8072,-1.81596,1.7449e+09
0.000108571,8.5,-1.49992e-06,1.5707,3.09079,-13.8072,-1.81595,1.7449e+09
0.000522177,8.5,-7.47619e-06,1.57031,3.09301,-13.8072,-1.81593,1.7449e+09
0.000247551,8.5,-3.62375e-06,1.57057,3.09439,-13.8071,-1.81591,1.7449e+09
0.000163975,8.5,-2.47611e-06,1.57065,3.09644,-13.8071,-1.81589,1.7449e+09
0.00062461,8.5,-9.64836e-06,1.57022,3.09795,-13.8071,-1.81588,1.7449e+09
0.000244707,8.5,-3.89907e-06,1.57057,3.10011,-13.8071,-1.81586,1.7449e+09
0.000466661,8.5,-7.64703e-06,1.57037,3.10211,-13.8071,-1.81584,1.7449e+09
0.000279997,8.5,-4.70355e-06,1.57054,3.10391,-13.807,-1.81582,1.7449e+09
0.000106426,8.5,-1.83144e-06,1.5707,3.10573,-13.807,-1.81581,1.7449e+09
0.000433431,8.5,-7.67599e-06,1.5704,3.10797,-13.807,-1.81579,1.7449e+09
0.000340701,8.5,-6.18824e-06,1.57048,3.10998,-13.807,-1.81577,1.7449e+09
0.000388263,8.5,-7.20452e-06,1.57044,3.11174,-13.807,-1.81576,1.7449e+09
0.000153884,8.5,-2.92167e-06,1.57065,3.11365,-13.807,-1.81574,1.7449e+09
0.000154251,8.5,-2.99337e-06,1.57065,3.1155,-13.8069,-1.81572,1.7449e+09
0.000329478,8.5,-6.52153e-06,1.57049,3.11721,-13.8069,-1.81571,1.7449e+09
7.53664e-05,8.5,-1.53387e-06,1.57073,3.11971,-13.8069,-1.81568,1.7449e+09
0.000410933,8.5,-8.52047e-06,1.57042,3.1214,-13.8069,-1.81567,1.7449e+09
7.35874e-05,8.5,-1.54852e-06,1.57073,3.12274,-13.8069,-1.81566,1.7449e+09
0.000251538,8.5,-5.42123e-06,1.57057,3.125,-13.8068,-1.81564,1.7449e+09
0.000739257,8.5,-1.62822e-05,1.57012,3.1271,-13.8068,-1.81562,1.7449e+09
0.000167433,8.5,-3.75066e-06,1.57064,3.12874,-13.8068,-1.8156,1.7449e+09
9.02737e-05,8.5,-2.05215e-06,1.57071,3.13019,-13.8068,-1.81559,1.7449e+09
0.00037138,8.5,-8.60456e-06,1.57046,3.13215,-13.8067,-1.81557,1.7449e+09
0.000224008,8.5,-5.29044e-06,1.57059,3.13412,-13.8067,-1.81555,1.7449e+09
9.20354e-05,8.5,-2.21156e-06,1.57071,3.13594,-13.8067,-1.81553,1.7449e+09
0.000206099,8.5,-5.02534e-06,1.57061,3.13748,-13.8066,-1.81552,1.7449e+09
0.000418112,8.5,-1.03685e-05,1.57041,3.13931,-13.8066,-1.8155,1.7449e+09
0.000733372,8.5,-1.85114e-05,1.57013,3.14127,-13.8066,-1.81548,1.7449e+09
1.24742e-05,8.5,-3.20343e-07,1.57078,3.14322,-13.8066,-1.81547,1.7449e+09
0.000188482,8.5,-4.91801e-06,1.57062,3.14508,-13.8066,-1.81545,1.7449e+09
6.58668e-05,8.5,-1.74189e-06,1.57074,3.14661,-13.8065,-1.81543,1.7449e+09
0.000385156,8.5,-1.03179e-05,1.57044,3.14812,-13.8065,-1.81542,1.7449e+09
0.000144431,8.5,-3.93894e-06,1.57066,3.15028,-13.8065,-1.8154,1.7449e+09
0.000400372,8.5,-1.11056e-05,1.57043,3.15236,-13.8065,-1.81538,1.7449e+09
0.000260344,8.5,-7.30793e-06,1.57056,3.1538,-13.8064,-1.81537,1.7449e+09
0.000141974,8.5,-4.04916e-06,1.57067,3.1558,-13.8064,-1.81535,1.7449e+09
0.000206924,8.5,-6.00253e-06,1.57061,3.15799,-13.8064,-1.81533,1.7449e+09
0.00023024,8.5,-6.77501e-06,1.57059,3.15983,-13.8064,-1.81531,1.7449e+09
0.000114479,8.5,-3.41734e-06,1.57069,3.16173,-13.8063,-1.8153,1.7449e+09
0.00041839,8.5,-1.26536e-05,1.57042,3.16347,-13.8063,-1.81528,1.7449e+09
0.000231056,8.5,-7.08912e-06,1.57059,3.16543,-13.8063,-1.81526,1.7449e+09
0.000732077,8.5,-2.27374e-05,1.57013,3.1671,-13.8063,-1.81525,1.7449e+09
0.000285638,8.5,-9.00893e-06,1.57054,3.16925,-13.8062,-1.81523,1.7449e+09
0.000397893,8.5,-1.26776e-05,1.57043,3.17066,-13.8062,-1.81521,1.7449e+09
0.000231421,8.5,-7.48846e-06,1.57059,3.17289,-13.8062,-1.81519,1.7449e+09
0.000215151,8.5,-7.03205e-06,1.5706,3.17431,-13.8062,-1.81518,1.7449e+09
0.000215708,8.5,-7.12701e-06,1.5706,3.1759,-13.8062,-1.81516,1.7449e+09
0.000333089,8.5,-1.11322e-05,1.57049,3.1776,-13.8061,-1.81515,1.7449e+09
0.00102925,8.5,-3.47059e-05,1.56986,3.17894,-13.8061,-1.81514,1.7449e+09
0.000590377,8.5,-2.00856e-05,1.57026,3.18027,-13.8061,-1.81512,1.7449e+09
0.000309263,8.5,-1.06568e-05,1.57052,3.18223,-13.8061,-1.81511,1.7449e+09
0.000894548,8.5,0.000125032,1.56985,2.37812,-13.8404,-1.8235,1.7449e+09
0.000430324,8.5,5.99968e-05,1.57034,2.3804,-13.8404,-1.82349,1.7449e+09
0.000388436,8.5,5.39925e-05,1.57038,2.38316,-13.8403,-1.82348,1.7449e+09
6.25882e-05,8.5,8.67822e-06,1.57073,2.38541,-13.8402,-1.82347,1.7449e+09
0.000724544,8.5,0.000100158,1.57003,2.38815,-13.8402,-1.82346,1.7449e+09
0.000258854,8.5,3.56992e-05,1.57052,2.39025,-13.8401,-1.82346,1.7449e+09
0.000321195,8.5,4.4211e-05,1.57046,2.39197,-13.8401,-1.82345,1.7449e+09
0.000806524,8.5,0.000110779,1.56994,2.39376,-13.84,-1.82344,1.7449e+09
0.000473065,8.5,6.48958e-05,1.5703,2.39462,-13.8399,-1.82342,1.7449e+09
0.000596312,8.5,8.11245e-05,1.57017,2.40084,-13.8393,-1.82334,1.7449e+09
0.00087664,8.5,0.000119001,1.56987,2.40245,-13.8391,-1.82332,1.7449e+09
0.00119234,8.5,0.000161501,1.56954,2.40407,-13.8389,-1.8233,1.7449e+09
0.000749853,8.5,0.000101346,1.57,2.40559,-13.8387,-1.82328,1.7449e+09
0.00142346,8.5,0.000191868,1.56929,2.40753,-13.8385,-1.82325,1.7449e+09
0.00115486,8.5,0.000155212,1.56958,2.40964,-13.8383,-1.82322,1.7449e+09
0.0015777,8.5,0.000211495,1.56913,2.41148,-13.8381,-1.8232,1.7449e+09
0.00160078,8.5,0.000213846,1.56911,2.41401,-13.8378,-1.82317,1.7449e+09
0.000166182,8.5,2.31807e-05,1.57062,2.37996,-13.8404,-1.82349,1.7449e+09
0.000962607,8.5,0.00013383,1.56977,2.38297,-13.8403,-1.82348,1.7449e+09
0.0006336,8.5,8.78006e-05,1.57012,2.38595,-13.8402,-1.82347,1.7449e+09
0.000779669,8.5,0.000107689,1.56997,2.38889,-13.8401,-1.82346,1.7449e+09
0.00015546,8.5,2.14156e-05,1.57063,2.39126,-13.8401,-1.82345,1.7449e+09
0.000449976,8.5,6.17999e-05,1.57032,2.39382,-13.84,-1.82344,1.7449e+09
0.000521322,8.5,7.14751e-05,1.57024,2.39503,-13.8398,-1.82342,1.7449e+09
0.000611796,8.5,8.36516e-05,1.57015,2.39709,-13.8396,-1.82339,1.7449e+09
0.00146117,8.5,0.000199153,1.56925,2.39948,-13.8394,-1.82336,1.7449e+09
0.000109782,8.5,-2.06336e-05,1.57075,13.7909,-12.4283,-1.36388,1.7449e+09
0.000105714,8.5,-1.9869e-05,1.57075,13.7909,-12.4283,-1.36389,1.7449e+09
8.34145e-05,8.5,-1.56777e-05,1.57076,13.791,-12.4283,-1.3639,1.7449e+09
4.74897e-05,8.5,-8.92559e-06,1.57078,13.791,-12.4284,-1.36391,1.7449e+09
0.000100409,8.5,-1.88717e-05,1.57076,13.791,-12.4284,-1.36391,1.7449e+09
8.41367e-05,8.5,-1.58133e-05,1.57076,13.791,-12.4284,-1.36392,1.7449e+09
7.2609e-05,8.5,-1.36467e-05,1.57077,13.791,-12.4285,-1.36393,1.7449e+09
6.35483e-05,8.5,-1.19437e-05,1.57077,13.791,-12.4285,-1.36394,1.7449e+09
7.54691e-05,8.5,-1.41851e-05,1.57077,13.7906,-12.4277,-1.36375,1.7449e+09
0.000182642,8.5,-3.43294e-05,1.57072,13.7906,-12.4278,-1.36377,1.7449e+09
0.000177111,8.5,-3.32896e-05,1.57072,13.7907,-12.4279,-1.36379,1.7449e+09
0.000165916,8.5,-3.11851e-05,1.57073,13.7907,-12.4279,-1.3638,1.7449e+09
0.000139532,8.5,-2.62259e-05,1.57074,13.7908,-12.428,-1.36382,1.7449e+09
0.00014542,8.5,-2.73326e-05,1.57074,13.7908,-12.4281,-1.36384,1.7449e+09
0.000129504,8.5,-2.4341e-05,1.57074,13.7908,-12.4281,-1.36385,1.7449e+09
0.000120404,8.5,-2.26303e-05,1.57075,13.7908,-12.4282,-1.36386,1.7449e+09
0.000108424,8.5,-2.03785e-05,1.57075,13.7909,-12.4282,-1.36387,1.7449e+09
0.00011155,8.5,-2.0966e-05,1.57075,13.7909,-12.4283,-1.36389,1.7449e+09
9.67365e-05,8.5,-1.81816e-05,1.57076,13.7909,-12.4283,-1.3639,1.7449e+09
6.05114e-05,8.5,-1.1373e-05,1.57077,13.791,-12.4284,-1.36391,1.7449e+09
7.59811e-05,8.5,-1.42804e-05,1.57077,13.7911,-12.4285,-1.36395,1.7449e+09
5.45152e-05,8.5,-1.02459e-05,1.57077,13.7911,-12.4286,-1.36396,1.7449e+09
5.11621e-05,8.5,-9.61562e-06,1.57078,13.7911,-12.4286,-1.36396,1.7449e+09
4.59142e-05,8.5,-8.62926e-06,1.57078,13.7911,-12.4286,-1.36397,1.7449e+09
3.7099e-05,8.5,-6.97251e-06,1.57078,13.7911,-12.4287,-1.36398,1.7449e+09
4.50687e-05,8.5,-8.47031e-06,1.57078,13.7912,-12.4287,-1.36398,1.7449e+09
5.14976e-05,8.5,-9.67857e-06,1.57078,13.7912,-12.4287,-1.36399,1.7449e+09
3.60678e-05,8.5,-6.77864e-06,1.57078,13.7912,-12.4287,-1.36399,1.7449e+09
2.50993e-05,8.5,-4.71721e-06,1.57079,13.7912,-12.4287,-1.364,1.7449e+09
1.62347e-05,8.5,-3.05117e-06,1.57079,13.7912,-12.4288,-1.364,1.7449e+09
2.48488e-05,8.5,-4.67011e-06,1.57079,13.7912,-12.4288,-1.364,1.7449e+09
1.12946e-05,8.5,-2.12273e-06,1.57079,13.7912,-12.4288,-1.36401,1.7449e+09
2.04028e-05,8.5,-3.83452e-06,1.57079,13.7912,-12.4288,-1.36401,1.7449e+09
2.16526e-05,8.5,-4.06941e-06,1.57079,13.7912,-12.4288,-1.36401,1.7449e+09
1.02992e-05,8.5,-1.93563e-06,1.57079,13.7912,-12.4288,-1.36402,1.7449e+09
4.1141e-05,8.5,-7.73205e-06,1.57078,13.7912,-12.4288,-1.36402,1.7449e+09
8.75328e-06,8.5,-1.6451e-06,1.57079,13.7912,-12.4288,-1.36402,1.7449e+09
0.000120845,8.5,-2.3569e-05,1.57075,13.6721,-12.4353,-1.36996,1.7449e+09
0.00010121,8.5,-1.97396e-05,1.57075,13.6721,-12.4353,-1.36998,1.7449e+09
9.16115e-05,8.5,-1.78676e-05,1.57076,13.6721,-12.4354,-1.36999,1.7449e+09
8.35152e-05,8.5,-1.62885e-05,1.57076,13.6721,-12.4354,-1.37001,1.7449e+09
7.66938e-05,8.5,-1.49582e-05,1.57076,13.6721,-12.4355,-1.37002,1.7449e+09
6.61612e-05,8.5,-1.29039e-05,1.57077,13.6721,-12.4355,-1.37003,1.7449e+09
6.22034e-05,8.5,-1.21321e-05,1.57077,13.6721,-12.4356,-1.37004,1.7449e+09
3.08059e-05,8.5,-6.00803e-06,1.57078,13.6723,-12.4355,-1.37003,1.7449e+09
5.13164e-05,8.5,-1.00079e-05,1.57078,13.6724,-12.4355,-1.37003,1.7449e+09
1.81116,8.5,0.308943,-0.0961652,-1.61529,-12.0435,-1.46061,1.7449e+09
4.52941,8.5,0.41229,-0.0178412,-0.997459,-10.0249,-1.54166,1.7449e+09
7.10495,8.5,1.01562,-0.0191653,-1.21235,-6.28685,-1.66383,1.7449e+09
8.20206,8.5,0.595355,-0.0576817,-2.91435,-1.25132,-1.8962,1.7449e+09
1.2902,8.5,0.0111009,-0.00570487,-2.48822,-13.6341,-1.882,1.7449e+09
3.3144,8.5,0.570152,-0.108238,-2.18156,-12.4277,-1.93096,1.7449e+09
5.48923,8.5,0.178411,-0.00508625,-0.2679,-10.0561,-1.90856,1.7449e+09
7.66567,8.5,1.03817,-0.0165963,-0.784415,-6.35936,-1.96721,1.7449e+09
8.23479,8.5,1.11166,-0.0498075,-2.27696,-2.33985,-2.09141,1.7449e+09
8.37843,8.5,1.5557,-0.0398106,-1.58996,2.1465,-2.23887,1.7449e+09
0.767145,8.5,-0.0960507,0.502427,-0.45279,-13.7819,-1.84194,1.7449e+09
2.14021,8.5,-0.21641,0.0423353,-1.769,-13.3525,-1.90336,1.7449e+09
3.47878,8.5,0.325303,-0.129763,-2.71225,-12.5057,-1.9476,1.7449e+09
4.74409,8.5,0.187788,-0.00718297,-0.245724,-11.2687,-1.9584,1.7449e+09
5.97096,8.5,0.547697,-0.0136474,-0.501928,-9.65933,-1.97792,1.7449e+09
7.06758,8.5,0.864319,-0.0159205,-0.642341,-7.83195,-2.013,1.7449e+09
7.9139,8.5,1.06589,-0.0159666,-0.693744,-6.02945,-2.03623,1.7449e+09
8.29575,8.5,1.5657,-0.0254264,-1.13024,-3.75492,-2.07891,1.7449e+09
8.4462,8.5,1.68853,-0.0323826,-1.4141,-1.23781,-2.13369,1.7449e+09
0.720703,8.5,-0.0650322,0.565235,-0.259756,-13.7655,-1.84168,1.7449e+09
1.87395,8.5,-0.12666,0.0314548,-2.13262,-13.4116,-1.88942,1.7449e+09
2.94891,8.5,0.0181811,-0.00178829,-2.51077,-12.7582,-1.91755,1.7449e+09
3.94937,8.5,-0.179506,0.00992865,0.144146,-11.8629,-1.92296,1.7449e+09
5.20203,8.5,0.0421283,-0.00133174,-0.130863,-10.4885,-1.92038,1.7449e+09
0.498383,8.5,0.0765284,0.942851,0.951236,-13.817,-1.8295,1.74491e+09
1.66217,8.5,0.0890469,-0.0278973,-2.86814,-13.5108,-1.87716,1.74491e+09
2.82944,8.5,-0.107078,0.0115075,-2.4972,-12.8356,-1.90281,1.74491e+09
3.65175,8.5,0.511947,-0.0363644,-0.860811,-12.1568,-1.92347,1.74491e+09
4.92052,8.5,0.0390273,-0.0013789,-0.134405,-10.8685,-1.91589,1.74491e+09
6.13308,8.5,0.246628,-0.00564578,-0.281279,-9.20703,-1.93229,1.74491e+09
7.30153,8.5,0.993368,-0.0175224,-0.796094,-7.18829,-1.96047,1.74491e+09
8.09197,8.5,1.54876,-0.0269705,-1.26491,-4.94011,-2.009,1.74491e+09
8.37953,8.5,1.66738,-0.0299902,-1.391,-2.88007,-2.05901,1.74491e+09
8.49577,8.5,1.69878,-0.031186,-1.38364,-0.688,-2.11794,1.74491e+09
8.52232,8.5,1.70381,-0.0309581,-1.29945,1.3521,-2.16441,1.74491e+09
8.54988,8.5,1.60018,-0.0386056,-1.58321,3.57156,-2.22119,1.74491e+09
8.49134,8.5,1.45422,-0.0425379,-1.64953,5.53031,-2.27915,1.74491e+09
8.51195,8.5,1.10694,-0.0488503,-1.82226,7.65554,-2.34519,1.74491e+09
8.48902,8.5,1.02615,-0.0501641,-1.74577,9.43953,-2.39835,1.74491e+09
8.49493,8.5,1.35744,-0.0445778,-1.324,11.3062,-2.44675,1.74491e+09
8.49258,8.5,1.4166,-0.0433695,-1.11269,13.2613,-2.48659,1.74491e+09
8.4939,8.5,1.53449,-0.0405298,-0.81956,15.2152,-2.51685,1.74491e+09
8.48502,8.5,1.68968,-0.0297783,-0.160375,17.0831,-2.52704,1.74491e+09
8.50479,8.5,1.67077,-0.0353649,-0.262225,19.3757,-2.53907,1.74491e+09
8.49485,8.5,1.34415,-0.044837,-0.522853,21.4156,-2.55353,1.74491e+09
8.49934,8.5,1.49208,-0.0416324,-0.104299,23.5402,-2.56504,1.74491e+09
8.50796,8.5,0.956219,-0.0510997,-0.253411,25.6661,-2.57356,1.74491e+09
8.50257,8.5,0.676257,-0.0548946,-0.0375874,27.7908,-2.57471,1.74491e+09
7.95528,5,0.992279,-0.0530008,0.68956,29.881,-2.55825,1.74491e+09
6.87763,5,1.27375,-0.0486437,1.61719,31.8065,-2.51191,1.74491e+09
5.9516,5,0.903065,-0.0247461,2.94321,33.3422,-2.44273,1.74491e+09
5.26512,5,0.315319,-0.00987882,3.56755,34.7836,-2.35303,1.74491e+09
5.01639,5,0.237219,-0.00813881,3.69109,35.9586,-2.27763,1.74491e+09
4.92275,5,-0.32132,0.225452,3.73858,37.3948,-2.18312,1.74491e+09
4.926,5,-0.882121,0.038495,-2.0712,38.4738,-2.2096,1.74491e+09
4.97108,5,0.994207,-0.0541308,-4.18056,39.9054,-2.32732,1.74491e+09
4.8034,5,0.942987,0.944095,-4.23956,41.3423,-2.41901,1.74491e+09
4.6649,5,0.406849,0.94589,-13.6868,42.3547,-2.65325,1.74491e+09
4.88265,5,-0.974032,1.03985,-30.0602,43.4943,-3.24869,1.74491e+09
4.98846,5,-0.895913,0.947663,-44.3009,44.3248,-4.01831,1.74491e+09
4.97011,5,0.585996,0.761376,-61.627,45.021,-5.16741,1.74491e+09
5.11249,8.5,0.577924,0.493801,-74.8005,45.3484,-6.26158,1.74491e+09
5.67134,8.5,-0.273922,0.0871331,-88.5034,45.4918,-7.37882,1.74491e+09
6.70405,8.5,1.33826,-0.0416213,-92.9219,45.3911,-9.04498,1.74491e+09
7.56235,8.5,1.43706,-0.0426664,-93.0328,45.2823,-10.6118,1.74491e+09
8.47585,8.5,1.20547,-0.0473842,-93.2732,45.1303,-13.0318,1.74491e+09
0.540497,8.5,0.0727025,0.886844,0.849099,-13.8053,-1.83269,1.74491e+09
1.452,8.5,0.266781,-0.136339,-3.60611,-13.5672,-1.88512,1.74491e+09
2.72694,8.5,-0.0568493,0.00654983,-2.35876,-12.9363,-1.91078,1.74491e+09
3.89454,8.5,0.0604917,-0.00341423,-0.157269,-11.942,-1.9279,1.74491e+09
5.13613,8.5,-0.185361,0.00604228,0.0825231,-10.5858,-1.91267,1.74491e+09
6.30683,8.5,0.27011,-0.00585278,-0.306618,-8.92393,-1.92246,1.74491e+09
7.1142,8.5,0.64546,-0.0113197,-0.537193,-7.51294,-1.94498,1.74491e+09
7.95745,8.5,1.35866,-0.0219855,-1.04666,-5.69789,-1.98117,1.74491e+09
8.35226,8.5,1.55761,-0.0245907,-1.17189,-3.56857,-2.02224,1.74491e+09
8.50367,8.5,1.69802,-0.0304445,-1.41072,-1.28867,-2.0746,1.74491e+09
8.5321,8.5,1.69907,-0.0296163,-1.30368,0.671459,-2.11962,1.74491e+09
8.54312,8.5,1.70862,-0.0314702,-1.31383,2.80541,-2.16797,1.74491e+09
8.52521,8.5,1.662,-0.0360114,-1.43246,4.93642,-2.22247,1.74491e+09
8.49514,8.5,1.67398,-0.0350687,-1.26397,7.23307,-2.27381,1.74491e+09
8.49732,8.5,1.6243,-0.0376029,-1.2743,9.18684,-2.32001,1.74491e+09
8.48603,8.5,1.60152,-0.038435,-1.17597,11.3936,-2.3656,1.74491e+09
8.50629,8.5,1.67167,-0.0353208,-0.898239,13.4334,-2.39849,1.74491e+09
8.52368,8.5,1.67373,-0.0276778,-0.39033,15.732,-2.41913,1.74491e+09
8.49045,8.5,1.61363,-0.0379995,-0.752123,17.6865,-2.44223,1.74491e+09
8.47472,8.5,1.68497,-0.0338761,-0.372018,19.8921,-2.45889,1.74491e+09
8.5012,8.5,1.69842,-0.0325185,-0.143526,21.9286,-2.46486,1.74491e+09
8.49446,8.5,1.54802,-0.0401496,-0.33511,23.7135,-2.47208,1.74491e+09
8.50532,8.5,1.25495,-0.0464457,-0.293533,26.1794,-2.48705,1.74491e+09
8.49796,5,1.46191,-0.0423539,0.343465,28.7313,-2.48205,1.74491e+09
7.36631,5,0.878137,-0.0580353,0.513068,31.1316,-2.46727,1.74491e+09
6.25775,5,1.21707,-0.0364836,2.06246,33.0354,-2.41352,1.74491e+09
5.51855,5,0.680709,-0.0205953,2.86998,34.3227,-2.35068,1.74491e+09
5.09752,5,0.390698,-0.0131954,3.26384,35.8493,-2.26529,1.74491e+09
4.98796,5,0.229033,-0.00794341,3.49535,36.9553,-2.19834,1.74491e+09
4.93108,5,-0.730219,0.0289092,-2.31895,38.385,-2.20725,1.74491e+09
4.97181,5,0.909601,-0.0397081,-3.83234,39.8684,-2.32082,1.74491e+09
4.74038,5,0.947734,0.948866,-4.51215,41.3526,-2.41654,1.74491e+09
4.70425,5,-0.231222,0.907992,-19.9975,42.715,-2.83005,1.74491e+09
4.90816,5,-0.819744,0.999957,-37.4874,43.9068,-3.65215,1.74491e+09
4.97753,5,0.934757,0.855507,-54.4374,44.8309,-4.7977,1.74491e+09
5.06567,8.5,0.835549,0.506829,-74.4418,45.3561,-6.17581,1.74491e+09
5.93722,8.5,0.051329,-0.0889798,-94.486,45.474,-7.79603,1.74491e+09
7.12419,8.5,1.1351,-0.0221251,-92.1471,45.3416,-9.75316,1.74491e+09
8.21832,8.5,1.59197,-0.0274488,-92.3861,45.2157,-12.0529,1.74491e+09
8.59159,8.5,1.69559,-0.0344942,-92.6358,45.0962,-14.5903,1.74491e+09
8.62593,8.5,1.64148,-0.0373252,-92.6041,44.9839,-17.1757,1.74491e+09
8.58156,8.5,1.58132,-0.0392382,-92.4405,44.8642,-19.7543,1.74491e+09
8.54923,8.5,1.51335,-0.0410805,-92.248,44.7587,-22.3204,1.74491e+09
8.51558,8.5,1.49106,-0.0416478,-91.9604,44.6702,-24.8782,1.74491e+09
8.50733,8.5,1.03386,-0.0499751,-91.9345,44.5809,-27.4311,1.74491e+09
7.87713,5,1.2467,-0.0483413,-91.1857,44.5214,-29.9372,1.74491e+09
6.63948,5,1.32191,-0.0428812,-90.1658,44.5,-32.1121,1.74491e+09
5.88501,5,1.01418,-0.0301732,-89.3476,44.5115,-33.3631,1.74491e+09
5.2167,5,0.599469,-0.0200653,-88.75,44.5423,-34.9002,1.74491e+09
5.00788,5,0.468423,-0.0166203,-88.4958,44.5757,-36.1734,1.74491e+09
4.76401,5,0.940736,-0.626053,-86.36,44.6387,-37.506,1.74491e+09
4.86475,5,-0.0628046,-0.320657,-72.4664,44.9968,-38.8802,1.74491e+09
0.726659,8.5,-0.0512554,0.579446,-0.157474,-13.7887,-1.84011,1.74491e+09
1.8924,8.5,-0.0693699,0.0166587,-2.14413,-13.456,-1.89728,1.74491e+09
2.97779,8.5,0.0897502,-0.00868892,-2.42491,-12.8696,-1.92416,1.74491e+09
4.28942,8.5,-0.0160097,0.000744194,-0.0291013,-11.7773,-1.95684,1.74491e+09
5.53647,8.5,0.192014,-0.00538439,-0.219673,-10.3012,-1.96016,1.74491e+09
6.57304,8.5,0.241567,-0.00480894,-0.218544,-8.72485,-1.97131,1.74491e+09
7.50612,8.5,1.17708,-0.0205321,-0.905131,-7.03428,-1.99678,1.74491e+09
8.20449,8.5,1.63472,-0.0345388,-1.57682,-4.6595,-2.06299,1.74491e+09
8.42993,8.5,1.68559,-0.032298,-1.42454,-2.40998,-2.12439,1.74491e+09
8.51004,8.5,1.70086,-0.0322926,-1.36808,-0.46125,-2.16904,1.74491e+09
8.52727,8.5,1.61988,-0.0378634,-1.53909,1.83838,-2.233,1.74491e+09
8.55246,8.5,1.70487,-0.03302,-1.21233,3.79927,-2.27773,1.74491e+09
8.50945,8.5,1.66326,-0.0358429,-1.25045,5.7568,-2.31904,1.74491e+09
8.50699,8.5,1.63615,-0.0371452,-1.1848,8.0536,-2.37015,1.74491e+09
8.4756,8.5,1.59692,-0.038576,-1.11843,10.1776,-2.41352,1.74491e+09
8.49136,8.5,1.52019,-0.0409164,-1.0854,12.2994,-2.4581,1.74491e+09
8.499,8.5,1.67417,-0.0350914,-0.646858,14.5086,-2.48848,1.74491e+09
8.49683,8.5,1.58932,-0.0388775,-0.687359,16.5492,-2.50977,1.74491e+09
8.50979,8.5,1.67393,-0.0352049,-0.335749,18.6741,-2.52744,1.74491e+09
8.48968,8.5,1.46925,-0.0421899,-0.470974,20.7987,-2.54467,1.74491e+09
8.49403,8.5,1.40542,-0.0436047,-0.271565,23.0941,-2.55957,1.74491e+09
8.50153,8.5,1.42276,-0.0432236,-0.00337568,25.0489,-2.56048,1.74491e+09
8.52905,8.5,1.43194,-0.0429859,0.34981,27.3446,-2.55147,1.74491e+09
8.27691,5,1.39292,-0.0442176,0.693508,29.2943,-2.53018,1.74491e+09
7.12672,5,1.40509,-0.0336322,1.78802,31.371,-2.48093,1.74491e+09
6.23014,5,0.929423,-0.0231086,2.51446,32.9044,-2.41613,1.74491e+09
5.36592,5,0.564415,-0.0176507,2.95217,34.5097,-2.33637,1.74491e+09
5.08638,5,0.5142,-0.0178179,3.0923,35.6528,-2.27519,1.74491e+09
4.97048,5,0.145685,0.207711,3.48281,37.0546,-2.19204,1.74491e+09
4.88221,5,0.205879,0.116902,0.00471211,38.1381,-2.1745,1.74491e+09
4.97719,5,0.98703,-0.0583755,-4.59989,39.469,-2.28574,1.74491e+09
5.00523,5,0.831354,-0.0334743,-3.56648,40.6143,-2.36061,1.74491e+09
4.78886,5,0.781267,0.938126,-9.9131,41.9637,-2.53423,1.74491e+09
4.74448,5,0.666659,0.892442,-22.9994,42.921,-2.92872,1.74491e+09
4.94071,5,0.637345,0.973427,-41.0963,44.023,-3.7996,1.74491e+09
5.00215,5,0.813428,0.864508,-53.1785,44.656,-4.62763,1.74491e+09
5.00344,8.5,-0.167626,0.629341,-69.0076,45.1913,-5.85526,1.74491e+09
5.47364,8.5,-0.452103,0.084632,-88.5248,45.4086,-7.03031,1.74491e+09
6.51247,8.5,0.61867,-0.0693746,-93.7988,45.3256,-8.643,1.74491e+09
7.38444,8.5,0.990048,-0.0170153,-91.7891,45.2431,-10.2407,1.74491e+09
8.27789,8.5,1.65466,-0.0317542,-92.4796,45.1503,-12.3669,1.74491e+09
8.59723,8.5,1.49019,-0.0416093,-92.877,45.048,-14.3165,1.74491e+09
8.6304,8.5,1.63262,-0.0376579,-92.4886,44.9341,-16.9064,1.74491e+09
8.60133,8.5,1.55998,-0.0398594,-92.3679,44.8291,-19.3177,1.74491e+09
8.55184,8.5,1.38776,-0.0438642,-92.3512,44.7505,-21.2018,1.74491e+09
8.51952,8.5,1.65125,-0.0365177,-91.7328,44.6753,-23.5071,1.74491e+09
8.49786,8.5,1.67103,-0.0352902,-91.4619,44.6267,-25.3812,1.74491e+09
8.50551,8.5,1.60857,-0.0382256,-91.3768,44.5838,-27.0814,1.74491e+09
8.2454,5,1.4191,-0.0436339,-91.2936,44.5457,-28.8581,1.74491e+09
7.17349,5,1.42072,-0.040756,-90.5484,44.5181,-30.7836,1.74491e+09
6.20192,5,0.91033,-0.022722,-89.4717,44.5277,-32.4532,1.74491e+09
5.36788,5,0.347146,-0.0104915,-88.8911,44.5557,-34.001,1.74491e+09
5.07169,5,0.417197,-0.0142942,-88.9086,44.5795,-35.1957,1.74491e+09
4.95278,5,0.282896,-0.0100017,-88.6645,44.6105,-36.5946,1.74491e+09
4.82839,5,0.850296,-0.626999,-86.2897,44.6657,-37.6708,1.74491e+09
4.75408,5,0.89553,-0.475914,-77.5074,44.8599,-38.6018,1.74491e+09
4.9726,5,-0.337037,-0.11931,-65.726,45.2708,-39.535,1.74491e+09
4.98939,5,0.55073,-0.57885,-60.7962,45.9443,-40.7248,1.74491e+09
4.97502,5,0.693828,-0.426535,-52.0081,46.6517,-41.6801,1.74491e+09
5.08685,5,0.646578,-0.0231526,-38.6976,47.7156,-42.5894,1.74491e+09
4.89906,5,-0.429099,-0.799766,-32.5487,48.8425,-43.3492,1.74491e+09
4.93849,5,0.157833,-0.573833,-20.1604,49.9764,-43.7981,1.74491e+09
5.41896,8.5,0.618725,-0.0797867,-3.53108,51.3703,-43.9692,1.74491e+09
6.55896,8.5,-1.23207,0.0318114,0.166326,53.0479,-43.9469,1.74491e+09
7.38492,8.5,0.824116,-0.0137088,-1.62205,54.5795,-43.9961,1.74491e+09
0.330376,8.5,-0.0660678,1.52435,103.267,-14.5883,0.799097,1.77134e+09
0.367674,8.5,-0.0351728,1.51398,108.324,-14.6583,0.859544,1.77134e+09
0.473857,8.5,-0.0946912,1.49596,108.768,-14.692,0.958326,1.77134e+09
0.400327,8.5,-0.0480984,1.50635,109.096,-14.7173,1.04044,1.77134e+09
0.180865,8.5,0.0083153,1.54109,109.714,-14.7391,1.08526,1.77134e+09
0.14678,8.5,-0.0283555,1.54747,108.075,-14.7682,1.11545,1.77134e+09
0.145953,8.5,-0.027677,1.54757,108.176,-14.787,1.12235,1.77134e+09
0.54878,8.5,-0.0625165,1.48249,108.707,-14.8271,1.16105,1.77134e+09
1.04319,8.5,0.104125,1.41391,104.839,-14.8718,1.2917,1.77134e+09
1.66431,8.5,-0.134283,1.36368,91.4716,-14.8949,1.53471,1.77134e+09
2.62235,8.5,0.520297,1.2767,79.1955,-14.7096,1.96923,1.77134e+09
3.76158,8.5,0.511249,1.17742,66.8043,-14.2548,2.59247,1.77134e+09
4.61028,8.5,-0.393719,1.12063,50.0973,-13.6605,3.23148,1.77134e+09
5.23674,8.5,1.04633,1.0796,29.886,-12.7772,3.92398,1.77134e+09
3.47679,8.5,-0.136453,1.21386,-1.28586,-11.6539,4.48145,1.77134e+09
1.84143,8.5,-0.366517,1.35325,-22.5481,-10.7898,4.65287,1.77134e+09
1.52784,8.5,-0.288474,1.41233,-7.758,-10.2686,4.53254,1.77134e+09
3.12216,8.5,-0.444221,1.2608,-7.69682,-9.50966,4.25802,1.77134e+09
3.90601,8.5,-0.360908,1.18394,-22.8869,-8.57546,3.76422,1.77134e+09
4.36567,8.5,0.536883,1.12413,-40.2815,-7.89789,3.26362,1.77134e+09
4.67701,8.5,-0.364839,1.01795,-66.1502,-7.352,2.59496,1.77134e+09
4.47636,8.5,-0.53695,0.884783,-91.4984,-6.97742,1.77925,1.77134e+09
4.38364,8.5,0.499036,-1.12809,-112.893,-6.91786,0.90472,1.77134e+09
4.94199,8.5,-0.714226,-1.02777,-125.746,-7.08496,-0.0127587,1.77134e+09
5.47179,8.5,-1.09397,-1.0303,-112.696,-7.34012,-1.01142,1.77134e+09
5.90982,8.5,-1.18085,-1.02768,-92.4731,-7.54418,-2.13313,1.77134e+09
4.40117,8.5,-0.809693,-1.14811,-85.319,-7.5151,-3.22587,1.77134e+09
3.46331,8.5,-0.0264045,-1.22576,-97.5712,-7.58086,-4.42833,1.77134e+09
3.19279,8.5,-0.39021,-1.24642,-100.175,-7.6443,-5.46134,1.77134e+09
0.660631,8.5,0.131237,-1.49682,-109.863,-7.78738,-5.91949,1.77134e+09
1.56667,8.5,-0.0469466,-1.38312,-117.83,-8.04634,-6.07055,1.77134e+09
0.108011,8.5,-0.0207792,-1.5583,-112.915,-8.21789,-6.36385,1.77134e+09
0.0765158,8.5,-0.014098,-1.56194,-113.037,-8.21793,-6.36493,1.77134e+09
0.0271247,8.5,-0.00506288,-1.56766,-113.004,-8.21849,-6.3658,1.77134e+09
0.0314049,8.5,-0.00583763,-1.56716,-113.014,-8.21808,-6.36611,1.77134e+09
0.0279144,8.5,-0.00517995,-1.56756,-113.018,-8.2188,-6.36655,1.77134e+09
0.0363745,8.5,-0.00664165,-1.56658,-113.055,-8.21881,-6.36676,1.77134e+09
0.00870628,8.5,-0.00159076,-1.56979,-113.054,-8.21877,-6.36689,1.77134e+09
0.0157178,8.5,-0.00287199,-1.56898,-113.053,-8.21969,-6.36791,1.77134e+09
0.503477,8.5,-0.0627174,-1.51229,-113.503,-8.24467,-6.39534,1.77134e+09
0.0192203,8.5,-0.00227229,-1.56856,-113.49,-8.28141,-6.44326,1.77134e+09
0.0133092,8.5,-0.00156882,-1.56925,-113.491,-8.28329,-6.44458,1.77134e+09
0.0572553,8.5,-0.00635919,-1.56413,-113.528,-8.28802,-6.44893,1.77134e+09
0.0398774,8.5,-0.0036683,-1.56615,-113.633,-8.29231,-6.45397,1.77134e+09
0.0185841,8.5,-0.00162779,-1.56863,-113.654,-8.29605,-6.45725,1.77134e+09
0.0138466,8.5,-0.00124677,-1.56918,-113.639,-8.29818,-6.45848,1.77134e+09
0.0102089,8.5,-0.000936659,-1.56961,-113.629,-8.30015,-6.45969,1.77134e+09
0.0196988,8.5,-0.00193264,-1.5685,-113.591,-8.30307,-6.46147,1.77134e+09
0.0407614,8.5,-0.00479732,-1.56605,-113.472,-8.30723,-6.46406,1.77134e+09
0.0188573,8.5,-0.00187385,-1.5686,-113.574,-8.31201,-6.47037,1.77134e+09
0.040464,8.5,-0.00324531,-1.56608,-113.675,-8.31643,-6.47624,1.77134e+09
0.0358647,8.5,-0.00163122,-1.56661,-113.847,-8.32367,-6.4861,1.77134e+09
0.0596436,8.5,-0.000669939,-1.56382,-114.011,-8.32963,-6.49443,1.77134e+09
0.0195227,8.5,0.000301328,-1.56851,-114.138,-8.33412,-6.50083,1.77134e+09
0.0562169,8.5,0.00119604,-1.56421,-114.16,-8.33976,-6.50717,1.77134e+09
0.084801,8.5,0.00691069,-1.56082,-114.458,-8.351,-6.52153,1.77134e+09
0.460679,8.5,0.0820682,1.00452,1.16786,-13.8216,-1.82875,1.77134e+09
1.54854,8.5,0.19828,-0.0765891,-2.99402,-13.6027,-1.8933,1.77134e+09
2.32,8.5,-0.147752,0.0238878,-1.88779,-13.2751,-1.91192,1.77134e+09
3.22417,8.5,0.376959,-0.0331099,-2.66244,-12.7203,-1.94252,1.77134e+09
4.09351,8.5,0.739248,-0.0470355,-1.16707,-11.988,-1.96327,1.77134e+09
4.89651,8.5,0.387992,-0.0142288,-0.442604,-11.0888,-1.96858,1.77134e+09
5.70042,8.5,0.875457,-0.0262636,-0.889152,-10.0287,-1.98811,1.77134e+09
6.49404,8.5,1.07146,-0.0255448,-0.948036,-8.80807,-2.01882,1.77134e+09
7.26388,8.5,0.96581,-0.0171219,-0.671159,-7.43047,-2.04642,1.77134e+09
7.97266,8.5,1.44313,-0.0242683,-1.03733,-5.90223,-2.07544,1.77134e+09
8.32231,8.5,1.60278,-0.0378716,-1.68237,-4.18983,-2.12458,1.77134e+09
8.47546,8.5,1.61176,-0.0380289,-1.6566,-2.59257,-2.17028,1.77134e+09
8.53914,8.5,1.70139,-0.0331865,-1.35937,-0.88899,-2.21287,1.77134e+09
8.54321,8.5,1.67518,-0.0274705,-1.0146,0.820942,-2.24479,1.77134e+09
8.52425,8.5,1.70475,-0.031283,-1.13375,2.61475,-2.27797,1.77134e+09
8.51275,8.5,1.6869,-0.0342692,-1.19513,4.40434,-2.3177,1.77134e+09
8.5101,8.5,1.69932,-0.0326879,-1.02646,6.27809,-2.35356,1.77134e+09
8.51836,8.5,1.40153,-0.0436447,-1.47815,7.8952,-2.39078,1.77134e+09
8.48767,8.5,1.51379,-0.0410857,-1.21698,9.76279,-2.43457,1.77134e+09
8.49658,8.5,1.46531,-0.0422763,-1.15594,11.6314,-2.46837,1.77134e+09
8.50084,8.5,1.02542,-0.0501266,-1.38003,13.5006,-2.51536,1.77134e+09
8.50081,8.5,1.37955,-0.0441256,-0.940734,15.1176,-2.54479,1.77134e+09
8.49248,8.5,1.43658,-0.0429341,-0.741578,16.6479,-2.56743,1.77134e+09
8.51036,8.5,1.4552,-0.0424948,-0.619205,17.8383,-2.57913,1.77134e+09
8.49195,8.5,1.38535,-0.0440245,-0.523399,19.5383,-2.59452,1.77134e+09
8.49726,8.5,1.53872,-0.0404135,-0.164556,21.2375,-2.60428,1.77134e+09
8.5028,8.5,1.68577,-0.0342344,0.293343,22.8528,-2.59763,1.77134e+09
8.51497,8.5,1.69545,-0.0334277,0.438408,23.9576,-2.5892,1.77134e+09
8.50288,8.5,1.59525,-0.0386881,0.344297,25.4021,-2.57837,1.77134e+09
8.52275,8.5,1.64779,-0.0366953,0.609186,26.6773,-2.56742,1.77134e+09
8.50486,8.5,1.09895,-0.0490003,0.28445,28.3784,-2.55286,1.77134e+09
7.76309,5,1.16081,-0.0505544,0.840753,30.2692,-2.53344,1.77134e+09
6.93222,5,1.33717,-0.0453164,1.60717,31.7356,-2.49757,1.77134e+09
6.30541,5,1.16816,-0.0321179,2.41816,32.792,-2.45382,1.77134e+09
5.61832,5,0.669507,-0.0194292,3.07268,33.9198,-2.39436,1.77134e+09
5.17809,5,0.394471,-0.0129072,3.37855,34.8853,-2.33697,1.77134e+09
4.94802,5,0.394049,-0.0141559,3.43549,35.8921,-2.27609,1.77134e+09
4.90031,5,0.216903,-0.00778921,3.68866,36.8728,-2.21384,1.77134e+09
4.87072,5,0.96766,0.167744,1.644,37.8489,-2.17453,1.77134e+09
4.93948,5,0.920157,-0.0414684,-4.15925,38.8271,-2.24795,1.77134e+09
4.98882,5,0.972762,-0.0614587,-4.30907,39.8177,-2.32955,1.77134e+09
5.01397,5,-0.886724,0.89604,-3.19128,40.817,-2.38576,1.77134e+09
4.76372,5,-0.706401,0.923376,-9.80527,41.7674,-2.52837,1.77134e+09
4.95583,5,0.705979,0.85251,-21.5393,42.6643,-2.87848,1.77134e+09
4.88043,5,0.902593,1.02653,-32.7161,43.4845,-3.4046,1.77134e+09
4.85438,5,-0.952759,0.962647,-43.8364,44.1995,-4.08537,1.77134e+09
4.95691,5,-0.0401557,0.84207,-55.5883,44.7641,-4.89927,1.77134e+09
5.17829,8.5,1.03026,0.649621,-67.1166,45.1624,-5.8196,1.77134e+09
5.52234,8.5,1.09064,0.322044,-80.3399,45.3793,-6.68933,1.77134e+09
5.75839,8.5,-1.11105,0.0387216,-90.0173,45.446,-7.41476,1.77134e+09
6.30959,8.5,-0.578295,-0.0976909,-94.883,45.3955,-8.26046,1.77134e+09
6.86443,8.5,1.27647,-0.0484864,-93.0998,45.3148,-9.17966,1.77134e+09
7.32175,8.5,1.30119,-0.0255551,-92.18,45.2633,-10.0282,1.77134e+09
8.04906,8.5,1.15205,-0.0169456,-91.7948,45.1906,-11.5641,1.77134e+09
8.50416,8.5,1.6534,-0.0268233,-92.2687,45.1409,-12.7238,1.77134e+09
8.67781,8.5,1.73412,-0.0301451,-92.3946,45.0897,-13.9266,1.77134e+09
8.69523,8.5,1.72034,-0.0337687,-92.5145,45.0447,-14.969,1.77134e+09
8.64316,8.5,1.58518,-0.0391761,-92.6694,44.9811,-16.3567,1.77134e+09
8.59228,8.5,1.59598,-0.0388032,-92.537,44.9271,-17.5631,1.77134e+09
8.53153,8.5,1.53543,-0.0405102,-92.4823,44.8672,-18.9324,1.77134e+09
8.50486,8.5,1.46316,-0.0423181,-92.442,44.8151,-20.1241,1.77134e+09
8.48168,8.5,1.59247,-0.0387436,-92.1582,44.7765,-21.143,1.77134e+09
8.47651,8.5,1.65614,-0.0360202,-91.907,44.7368,-22.3308,1.77134e+09
8.49824,8.5,1.44112,-0.0428258,-92.1089,44.6941,-23.5172,1.77134e+09
8.4834,8.5,1.1478,-0.0483088,-92.1868,44.6447,-24.7889,1.77134e+09
8.48351,8.5,1.19945,-0.047461,-91.9444,44.6016,-26.0609,1.77134e+09
8.50113,8.5,1.47996,-0.041926,-91.4706,44.5668,-27.3349,1.77134e+09
8.46216,5,1.45907,-0.0424552,-91.2693,44.538,-28.6088,1.77134e+09
7.7906,5,1.53819,-0.0379779,-90.6961,44.5208,-29.8264,1.77134e+09
7.21368,5,1.39386,-0.0310429,-90.1359,44.5182,-30.8768,1.77134e+09
6.76653,5,1.31123,-0.0333709,-90.0342,44.518,-31.646,1.77134e+09
6.16489,5,1.13053,-0.0321778,-89.7272,44.5231,-32.6791,1.77134e+09
5.65721,5,0.9935,-0.0323932,-89.51,44.5297,-33.5042,1.77134e+09
5.17575,5,0.567197,-0.0191611,-88.9339,44.5469,-34.4207,1.77134e+09
4.97144,5,0.442268,-0.0158579,-88.7633,44.5615,-35.0787,1.77134e+09
4.86992,5,0.431473,-0.0161174,-88.6821,44.5794,-35.8638,1.77134e+09
4.86648,5,0.419254,-0.0156506,-88.5949,44.5964,-36.5446,1.77134e+09
4.69591,5,0.775503,-0.642575,-87.2434,44.6298,-37.366,1.77134e+09
4.6935,5,-0.937609,-0.556335,-82.0096,44.726,-37.9704,1.77134e+09
4.89444,5,-0.659038,-0.339623,-73.6188,44.9529,-38.7017,1.77134e+09
5.05449,5,-0.110768,-0.109527,-66.4536,45.2474,-39.3342,1.77134e+09
5.14524,5,-0.551271,0.0187913,-62.8944,45.6769,-40.1505,1.77134e+09
5.09319,5,0.771015,-0.606488,-62.7621,45.9574,-40.6961,1.77134e+09
4.99067,5,-0.282055,-0.558693,-57.9847,46.3828,-41.3689,1.77134e+09
4.92057,5,0.883561,-0.440229,-51.6266,46.8191,-41.8959,1.77134e+09
4.97766,5,-0.108928,-0.208644,-43.2946,47.4003,-42.4269,1.77134e+09
5.10748,5,-1.0169,-0.845793,-38.0972,47.9678,-42.8502,1.77134e+09
5.03666,5,-0.985412,-0.772463,-31.6899,48.6946,-43.2964,1.77134e+09
5.0269,5,-0.85117,-0.672765,-25.5054,49.2847,-43.5593,1.77134e+09
4.90141,5,-0.609594,-0.513392,-17.561,49.9916,-43.7682,1.77134e+09
4.99761,8.5,0.536793,-0.293246,-9.95601,50.6274,-43.8606,1.77134e+09
5.42345,8.5,0.82592,-0.07164,-3.35652,51.25,-43.8891,1.77134e+09
6.04338,8.5,-0.80111,0.0205031,-0.365515,52.1117,-43.8965,1.77134e+09
6.64683,8.5,-0.509597,0.0101231,-0.699997,53.0638,-43.9116,1.77134e+09
7.1456,8.5,-0.208186,0.0034994,-0.941863,53.9601,-43.9335,1.77134e+09
7.67235,8.5,0.181582,-0.00264428,-1.19526,54.9983,-43.9631,1.77134e+09
8.12575,8.5,0.605474,-0.00803583,-1.44307,55.9461,-43.994,1.77134e+09
8.4334,8.5,1.26436,-0.0171859,-1.8913,56.857,-44.0256,1.77134e+09
8.58593,8.5,1.71678,-0.0317127,-2.59958,58.0492,-44.0774,1.77134e+09
8.63796,8.5,1.21707,-0.0466816,-3.30471,59.3415,-44.1495,1.77134e+09
8.63883,8.5,0.927666,-0.0509182,-3.464,60.2909,-44.2084,1.77134e+09
8.61064,8.5,1.25354,-0.0461649,-3.1418,61.668,-44.2854,1.77134e+09
8.53563,8.5,1.13836,-0.0482744,-3.16069,62.8655,-44.3511,1.77134e+09
8.5028,8.5,1.1493,-0.0482167,-3.07684,64.143,-44.4187,1.77134e+09
8.53098,8.5,1.00156,-0.0503504,-3.12505,65.2488,-44.4778,1.77134e+09
8.48739,8.5,0.46077,-0.0576831,-3.40388,66.2661,-44.5382,1.77134e+09
8.51149,8.5,0.372706,-0.0586034,-3.36282,67.5372,-44.6122,1.77134e+09
8.4888,8.5,0.462369,-0.0576548,-3.20712,68.8073,-44.6853,1.77134e+09
8.5001,8.5,0.913113,-0.0517429,-2.80913,70.2482,-44.7583,1.77134e+09
8.4917,8.5,1.10295,-0.0489877,-2.59142,71.351,-44.8084,1.77134e+09
8.50335,8.5,0.995569,-0.0505537,-2.58393,72.5402,-44.8618,1.77134e+09
8.49841,8.5,1.10834,-0.0488789,-2.40775,73.7294,-44.9128,1.77134e+09
8.50694,8.5,1.36076,-0.0444875,-2.11712,74.7495,-44.9512,1.77134e+09
8.49822,8.5,1.53181,-0.040604,-1.8263,76.1093,-44.9966,1.77134e+09
8.49994,8.5,1.54781,-0.0401582,-1.72216,77.3004,-45.0322,1.77134e+09
8.49798,8.5,1.6003,-0.0385039,-1.55576,78.4896,-45.065,1.77134e+09
8.50082,8.5,1.53559,-0.0405011,-1.54843,79.8477,-45.1034,1.77134e+09
8.51171,8.5,1.38161,-0.0440633,-1.61947,81.1207,-45.1382,1.77134e+09
8.49385,8.5,1.26147,-0.0463641,-1.61395,82.3102,-45.1717,1.77134e+09
8.50281,8.5,0.944161,-0.0512937,-1.75605,83.2446,-45.2005,1.77134e+09
8.49573,8.5,1.01603,-0.0502861,-1.56418,84.4348,-45.2337,1.77134e+09
8.50848,8.5,1.17902,-0.047717,-1.29241,85.7093,-45.2621,1.77134e+09
8.48828,8.5,1.11913,-0.0487472,-1.22088,86.6433,-45.2817,1.77134e+09
8.49532,8.5,1.36102,-0.0445065,-0.827356,88.0876,-45.3053,1.77134e+09
8.51527,8.5,1.42302,-0.0431977,-0.623023,89.1932,-45.318,1.77134e+09
8.4991,8.5,1.45552,-0.0424999,-0.403265,90.5541,-45.3269,1.77134e+09
8.488,8.5,1.44139,-0.0428326,-0.236533,91.7448,-45.3326,1.77134e+09
8.49816,8.5,1.63881,-0.0369927,0.251304,93.1037,-45.3288,1.77134e+09
8.49598,8.5,1.67857,-0.0347442,0.546106,94.2935,-45.319,1.77134e+09
8.49004,8.5,1.68875,-0.0337325,0.838327,95.7389,-45.3,1.77134e+09
8.48728,8.5,1.60441,-0.0383337,0.842676,96.843,-45.2841,1.77134e+09
8.5218,8.5,0.760505,-0.0537006,0.537572,98.2871,-45.2688,1.77134e+09
8.48644,8.5,0.352587,-0.0590061,0.763693,99.3918,-45.2526,1.77134e+09
8.51639,8.5,-0.241639,-0.065823,1.32415,100.836,-45.2235,1.77134e+09
8.48754,8.5,-0.203225,0.0024184,1.72854,101.94,-45.192,1.77134e+09
8.4896,8.5,0.0998625,-0.00118564,1.53378,103.384,-45.148,1.77134e+09
8.50916,8.5,0.842118,-0.0104045,1.1211,104.488,-45.1265,1.77134e+09
8.16762,5,0.810712,-0.0108749,1.19356,106.006,-45.0959,1.77134e+09
7.60688,5,1.23074,-0.0211856,0.866397,107.031,-45.0801,1.77134e+09
6.95594,5,1.17293,-0.0246582,0.945166,108.196,-45.0621,1.77134e+09
6.44751,5,0.926321,-0.0212569,1.24009,109.066,-45.0436,1.77134e+09
5.73501,5,0.657536,-0.0182049,1.5368,110.222,-45.0129,1.77134e+09
5.37358,5,0.55184,-0.0171619,1.66976,110.887,-44.9934,1.77134e+09
5.04513,5,0.413889,-0.0143281,1.84966,111.717,-44.966,1.77134e+09
4.9118,5,0.394773,-0.0143998,1.92131,112.363,-44.9442,1.77134e+09
4.78414,5,-0.772087,-0.562159,2.45037,113.238,-44.9093,1.77134e+09
4.70105,5,0.160399,-0.509251,5.96787,113.804,-44.8411,1.77134e+09
4.77775,5,0.867004,-0.258948,14.9893,114.628,-44.6154,1.77134e+09
4.97227,5,0.994341,-0.0534562,20.7955,115.168,-44.3867,1.77134e+09
5.08023,5,-0.762453,0.0285649,22.9521,116,-44.0243,1.77134e+09
5.09582,5,-0.0606137,0.00199743,22.1309,116.897,-43.6584,1.77134e+09
4.92108,5,-0.983793,-0.781349,24.9495,117.95,-43.1945,1.77134e+09
5.00171,5,0.085183,-0.631225,38.5052,119.091,-42.3669,1.77134e+09
4.93304,5,0.94462,-0.459683,49.299,119.777,-41.5885,1.77134e+09
4.94637,5,0.351142,-0.747769,60.8801,120.295,-40.6894,1.77134e+09
5.00247,5,0.130312,-0.406592,76.3153,120.646,-39.4514,1.77134e+09
5.12618,5,1.00742,-0.0585643,87.2814,120.704,-38.3448,1.77134e+09
5.14969,5,-0.560974,0.0191285,89.6018,120.704,-37.2127,1.77134e+09
5.11129,5,-0.112558,0.00369206,89.1338,120.722,-35.9299,1.77134e+09
5.49129,8.5,0.148478,-0.00422392,88.8921,120.749,-34.6888,1.77134e+09
6.54029,8.5,0.275525,-0.0055501,88.8301,120.796,-33.1245,1.77134e+09
7.39837,8.5,0.253817,-0.00398541,88.8847,120.841,-31.5919,1.77134e+09
8.17487,8.5,0.644854,-0.00848247,88.6654,120.887,-29.8769,1.77134e+09
8.46024,8.5,1.59752,-0.0249602,87.8661,120.958,-27.8746,1.77134e+09
8.57349,8.5,1.69932,-0.0339936,87.4403,121.047,-25.6598,1.77134e+09
8.55895,8.5,1.70931,-0.0324503,87.5629,121.124,-23.948,1.77134e+09
8.54709,8.5,1.67003,-0.027121,87.8778,121.208,-21.8103,1.77134e+09
8.53516,8.5,1.69404,-0.0289928,87.8277,121.283,-19.6783,1.77134e+09
8.52632,8.5,1.68802,-0.0286446,87.8945,121.361,-17.6359,1.77134e+09
8.48435,8.5,1.65997,-0.0274452,88.002,121.427,-15.6819,1.77134e+09
8.49539,8.5,1.69099,-0.0335732,87.7263,121.472,-14.5782,1.77134e+09
8.48888,8.5,1.69287,-0.0301055,87.9237,121.506,-13.6438,1.77134e+09
8.49638,8.5,1.6602,-0.0272874,88.0805,121.532,-12.8794,1.77134e+09
8.4901,8.5,1.63528,-0.0261435,88.1568,121.558,-12.0298,1.77134e+09
8.5142,8.5,1.68583,-0.0343789,87.7713,121.595,-11.0956,1.77134e+09
8.50763,8.5,1.61902,-0.0378417,87.6292,121.631,-10.246,1.77134e+09
8.49251,8.5,1.59964,-0.0385157,87.6279,121.666,-9.39683,1.77134e+09
8.49034,8.5,1.51218,-0.041127,87.5277,121.699,-8.63295,1.77134e+09
8.50104,8.5,1.65826,-0.0360618,87.8064,121.732,-7.78345,1.77134e+09
8.50077,8.5,1.69992,-0.0319242,88.0379,121.761,-6.93403,1.77134e+09
8.51388,8.5,1.69539,-0.0334118,87.9886,121.791,-6.0838,1.77134e+09
8.51286,8.5,1.68172,-0.0346892,87.9544,121.822,-5.23395,1.77134e+09
8.5029,8.5,1.68752,-0.0340744,88.0327,121.868,-3.87376,1.77134e+09
8.49522,8.5,1.52199,-0.0408685,87.7449,121.914,-2.68526,1.77134e+09
8.494,8.5,1.39699,-0.0437809,87.6586,121.966,-1.41147,1.77134e+09
8.50224,8.5,1.38458,-0.0440211,87.6927,122.007,-0.392239,1.77134e+09
8.49651,8.5,1.29397,-0.045774,87.6616,122.052,0.711357,1.77134e+09
8.49367,8.5,1.32259,-0.0452511,87.7586,122.106,2.06954,1.77134e+09
8.51521,8.5,1.52892,-0.0406836,88.0379,122.147,3.25934,1.77134e+09
8.49533,8.5,1.65559,-0.0361685,88.3153,122.18,4.3645,1.77134e+09
8.48811,8.5,1.68805,-0.0295005,88.6944,122.209,5.63935,1.77134e+09
8.50122,8.5,1.62275,-0.0254986,88.9244,122.228,6.6585,1.77134e+09
8.50272,8.5,1.65713,-0.0270341,88.8856,122.249,7.76369,1.77134e+09
8.49572,8.5,1.6656,-0.0356109,88.5277,122.285,9.20836,1.77134e+09
8.5017,8.5,1.69401,-0.0298541,88.8934,122.324,10.9097,1.77134e+09
8.49629,8.5,1.68906,-0.0294041,88.9919,122.355,12.6099,1.77134e+09
8.5187,8.5,1.69044,-0.0340315,88.8397,122.386,14.3104,1.77134e+09
8.49784,8.5,1.62631,-0.0375235,88.7891,122.427,16.265,1.77134e+09
8.50373,8.5,1.55408,-0.0399798,88.785,122.464,17.963,1.77134e+09
8.48526,8.5,1.47682,-0.0420132,88.8314,122.503,19.7448,1.77134e+09
8.49914,8.5,1.56259,-0.0397252,89.0778,122.531,21.4442,1.77134e+09
8.50032,8.5,1.60169,-0.0384599,89.2801,122.553,23.1448,1.77134e+09
8.5104,8.5,1.62492,-0.03762,89.4696,122.57,24.847,1.77134e+09
8.5075,8.5,1.60198,-0.0384647,89.5794,122.581,26.4627,1.77134e+09
8.4873,8.5,1.04856,-0.0498362,89.2334,122.599,28.1611,1.77134e+09
8.4946,8.5,0.989001,-0.0506863,89.4337,122.616,29.7748,1.77134e+09
7.82578,5,0.933985,-0.0546162,89.725,122.627,31.3366,1.77134e+09
6.99054,5,1.39401,-0.0402806,90.7738,122.611,32.8164,1.77134e+09
6.2206,5,1.06057,-0.0280562,91.5236,122.578,34.1353,1.77134e+09
5.54769,5,0.620288,-0.018288,92.0198,122.541,35.2478,1.77134e+09
5.16381,5,0.392734,-0.0129204,92.265,122.498,36.3139,1.77134e+09
4.98202,5,0.254301,-0.00885991,92.4252,122.455,37.3248,1.77134e+09
4.93578,5,0.18501,-0.00653322,92.5176,122.411,38.3137,1.77134e+09
4.93336,5,0.269103,-0.00957697,92.4709,122.369,39.2986,1.77134e+09
4.95654,5,0.273097,-0.00963102,92.513,122.325,40.2867,1.77134e+09
4.97414,5,0.291238,-0.0102159,92.5649,122.281,41.2793,1.77134e+09
4.87954,5,-0.293186,-1.10117,92.8839,122.23,42.3226,1.77134e+09
4.7411,5,-0.93882,-1.10446,101.041,122.046,43.3678,1.77134e+09
4.8353,5,0.762231,-1.07248,112.785,121.692,44.2549,1.77134e+09
4.95689,5,0.7371,-1.01446,126.533,121.042,45.1772,1.77134e+09
4.99631,5,-0.996649,-0.939359,139.449,120.221,45.9019,1.77134e+09
5.00487,5,0.580054,-0.829302,152.04,119.259,46.4336,1.77134e+09
4.96111,5,0.916674,-0.634701,165.805,118.156,46.7442,1.77134e+09
5.09923,8.5,0.968641,-0.246899,-179.041,116.958,46.7607,1.77134e+09
6.07942,8.5,0.00870687,-0.000201472,-171.67,115.693,46.5402,1.77134e+09
7.03911,8.5,1.34834,-0.0310673,-173.134,114.137,46.2792,1.77134e+09
7.93508,8.5,1.57936,-0.031726,-173.346,112.357,46.022,1.77134e+09
8.50723,8.5,1.69525,-0.0298537,-173.084,110.554,45.7941,1.77134e+09
8.61253,8.5,0.644498,-0.0546992,-173.563,108.677,45.5762,1.77134e+09
8.57553,8.5,0.403624,0.119782,-173.592,106.711,45.3527,1.77134e+09
8.55033,8.5,-1.69293,0.0342387,-178.022,104.833,45.2502,1.77134e+09
8.52145,8.5,0.114607,-0.0386268,178.383,102.953,45.2802,1.77134e+09
8.52216,8.5,1.36444,-0.0558479,177.604,101.421,45.3448,1.77134e+09
8.53761,8.5,0.922618,-0.0486149,178.048,99.7188,45.4063,1.77134e+09
8.48362,8.5,0.951181,-0.0494117,178.118,97.8501,45.4686,1.77134e+09
8.4945,8.5,0.878772,-0.0483157,178.261,96.068,45.523,1.77134e+09
8.49146,8.5,0.893041,-0.0485351,178.35,94.2003,45.5759,1.77134e+09
8.49369,8.5,-0.193238,-0.0351089,179.109,92.1603,45.6148,1.77134e+09
8.50793,8.5,0.247749,-0.0402693,178.934,90.4599,45.6478,1.77134e+09
8.50878,8.5,0.316811,-0.0410904,178.988,88.5875,45.6798,1.77134e+09
8.50835,8.5,0.0445142,-0.0378609,179.245,86.7152,45.7062,1.77134e+09
8.5017,8.5,-0.213773,-0.0348337,179.483,84.9295,45.7221,1.77134e+09
8.49649,8.5,0.408365,-0.042263,179.228,83.0597,45.7464,1.77134e+09
8.48945,8.5,0.876657,-0.0483224,179.061,81.1906,45.7731,1.77134e+09
8.50264,8.5,1.33478,-0.0554629,178.881,79.2367,45.8124,1.77134e+09
8.49409,8.5,0.893558,-0.0485234,179.388,77.4506,45.8345,1.77134e+09
8.51521,8.5,1.15307,-0.0522043,179.372,75.6644,45.8537,1.77134e+09
8.51456,8.5,0.913451,-0.0486531,179.733,73.8803,45.8657,1.77134e+09
8.50459,8.5,0.851866,-0.0478758,179.964,72.0954,45.8686,1.77134e+09
8.50329,8.5,1.48391,-0.0418294,-179.53,70.1392,45.8571,1.77134e+09
8.49147,8.5,1.56429,-0.0396671,-179.229,68.3558,45.836,1.77134e+09
8.49497,8.5,1.69176,-0.0334693,-178.732,66.4882,45.7981,1.77134e+09
8.491,8.5,1.54388,-0.0402661,-178.857,64.6202,45.7534,1.77134e+09
8.52324,8.5,1.09136,-0.0490474,-178.941,62.6658,45.7209,1.77134e+09
7.90546,5,1.52331,-0.0398253,-177.983,60.7513,45.6645,1.77134e+09
6.95153,5,1.17671,-0.0524093,-177.892,59.0453,45.6039,1.77134e+09
6.16734,5,1.23262,-0.0425078,-177.015,57.7357,45.5402,1.77134e+09
5.47958,5,0.751977,-0.0235993,-176.084,56.5205,45.4593,1.77134e+09
5.04458,5,0.234089,-0.00793909,-175.497,55.2177,45.3578,1.77134e+09
4.91662,5,0.210076,-0.00748974,-175.438,54.2275,45.2781,1.77134e+09
4.80945,5,0.760892,-0.479798,-173.329,53.1139,45.1649,1.77134e+09
4.80709,5,0.2952,-0.230006,-163.93,52.1021,44.8889,1.77134e+09
5.00624,5,-0.470599,0.0167157,-157.067,51.1538,44.4745,1.77134e+09
5.05115,5,-0.364323,0.0124926,-157.313,50.1322,44.0447,1.77134e+09
4.96781,5,-0.242635,-0.561689,-152.847,49.1525,43.5649,1.77134e+09
4.88905,5,0.138348,-0.312728,-141.835,48.3414,42.9443,1.77134e+09
5.06264,5,0.953825,-0.882689,-133.365,47.66,42.2144,1.77134e+09
5.04829,5,0.859921,-0.805569,-125.87,46.9689,41.2973,1.77134e+09
4.97634,5,-0.304419,-0.641792,-115.092,46.5253,40.3712,1.77134e+09
4.9761,5,-0.868186,-0.374329,-103.942,46.269,39.3647,1.77134e+09
5.28543,8.5,1.04734,-0.0463978,-93.8262,46.2032,38.405,1.77134e+09
6.0784,8.5,-1.1894,0.0383167,-91.0729,46.1798,37.2673,1.77134e+09
6.86497,8.5,-0.022648,0.000411004,-92.3967,46.1132,35.973,1.77134e+09
7.63992,8.5,1.3365,-0.0238323,-93.3924,46.0094,34.5246,1.77134e+09
8.32754,8.5,1.60004,-0.038016,-94.0608,45.8886,32.9281,1.77134e+09
8.57769,8.5,1.49361,-0.0415444,-94.1556,45.7623,31.2356,1.77134e+09
8.6338,8.5,1.67951,-0.0357428,-93.7423,45.6452,29.5134,1.77134e+09
8.60744,8.5,1.70248,-0.034151,-93.5388,45.5421,27.7911,1.77134e+09
8.55217,8.5,1.27045,-0.0460428,-93.9501,45.4269,26.0787,1.77134e+09
8.51084,8.5,1.14286,-0.0482911,-93.8401,45.3102,24.3759,1.77134e+09
8.49854,8.5,1.37504,-0.0442208,-93.418,45.2048,22.6773,1.77134e+09
8.50803,8.5,1.30514,-0.0455402,-93.2512,45.1072,20.9804,1.77134e+09
8.50195,8.5,1.35552,-0.0446006,-92.9398,45.0171,19.2823,1.77134e+09
8.43083,5,1.35412,-0.0447777,-92.6459,44.9383,17.5848,1.77134e+09
7.52347,5,0.666001,-0.0609008,-92.7172,44.8559,15.9126,1.77134e+09
6.71502,5,1.24564,-0.0497187,-91.6819,44.8097,14.4915,1.77134e+09
5.9753,5,1.08952,-0.0328291,-90.7005,44.7932,13.2877,1.77134e+09
5.36831,5,0.568224,-0.0177671,-90.0214,44.7924,12.1588,1.77134e+09
5.02858,5,0.410542,-0.0143015,-89.819,44.7962,11.1222,1.77134e+09
4.88817,5,0.305046,-0.011103,-89.6411,44.8012,10.1336,1.77134e+09
4.88354,5,0.301712,-0.0109987,-89.5645,44.8093,9.10887,1.77134e+09
4.71344,5,-0.246017,-0.585231,-87.1525,44.8424,8.19149,1.77134e+09
4.79372,5,-0.856179,-0.385891,-78.1176,45.0345,7.27226,1.77134e+09
5.01772,5,0.7481,-0.0286664,-67.3662,45.4124,6.37531,1.77134e+09
5.08723,5,-0.505249,-0.676154,-65.0349,45.8435,5.46017,1.77134e+09
4.92489,5,0.523379,-0.628661,-57.9609,46.3621,4.61485,1.77134e+09
4.9058,5,0.959559,-0.960945,-47.6045,47.0468,3.84745,1.77134e+09
4.93945,5,0.117226,-0.842833,-35.7295,47.845,3.26808,1.77134e+09
4.93601,5,-0.731163,-0.656293,-23.7249,48.7452,2.86055,1.77134e+09
5.08591,8.5,-0.987594,-0.35921,-11.9352,49.7188,2.64877,1.77134e+09
5.943,8.5,-0.729786,0.0190241,-0.00291445,50.9788,2.60131,1.77134e+09
6.71168,8.5,-0.506192,0.00985336,-0.294378,52.1784,2.60323,1.77134e+09
7.4215,8.5,1.1328,-0.0200066,-1.51827,53.5883,2.55841,1.77134e+09
8.1287,8.5,1.54019,-0.0261878,-1.84704,55.0663,2.49948,1.77134e+09
8.54739,8.5,1.67542,-0.0274227,-1.92926,56.5731,2.44637,1.77134e+09
8.64905,8.5,1.7279,-0.0301212,-2.02886,58.2931,2.38572,1.77134e+09
8.63671,8.5,1.72697,-0.0315052,-2.04134,60.0217,2.32661,1.77134e+09
8.60642,8.5,1.71353,-0.0330879,-2.0533,61.7424,2.26565,1.77134e+09
8.53978,8.5,1.47907,-0.0419159,-2.40498,63.454,2.1976,1.77134e+09
8.51641,8.5,1.28503,-0.0458831,-2.50829,65.158,2.12577,1.77134e+09
8.5105,8.5,1.37218,-0.0442547,-2.32649,66.9438,2.05235,1.77134e+09
8.5047,8.5,0.78421,-0.0534749,-2.67361,68.6411,1.97719,1.77134e+09
8.48794,8.5,0.648107,-0.0553354,-2.62753,70.4221,1.89521,1.77134e+09
8.49768,8.5,0.974025,-0.0508896,-2.28714,72.0341,1.82761,1.77134e+09
8.4931,8.5,1.42499,-0.0431875,-1.79148,73.7316,1.77356,1.77134e+09
8.51193,8.5,1.48224,-0.0418632,-1.62401,75.3452,1.72778,1.77134e+09
8.49846,8.5,0.944056,-0.0513145,-1.95555,77.0448,1.67394,1.77134e+09
8.50631,8.5,0.777165,-0.0535602,-1.90993,78.7467,1.61706,1.77134e+09
8.49185,8.5,0.817173,-0.0530984,-1.71159,80.4471,1.56499,1.77134e+09
8.48954,8.5,1.31962,-0.0453169,-1.16077,82.1465,1.52637,1.77134e+09
8.49194,8.5,1.56434,-0.0396661,-0.735477,83.8458,1.50414,1.77134e+09
8.51128,8.5,1.64183,-0.036914,-0.454667,85.5454,1.48932,1.77134e+09
8.50378,8.5,1.53412,-0.0405419,-0.459481,87.3322,1.47732,1.77134e+09
8.48472,8.5,1.62734,-0.0374353,-0.120232,89.0318,1.47183,1.77134e+09
8.5102,8.5,1.38161,-0.0440663,-0.211816,90.9023,1.46639,1.77134e+09
8.50133,8.5,1.41954,-0.0432932,0.0952582,92.603,1.46548,1.77134e+09
8.49544,8.5,1.48883,-0.0417145,0.447333,94.2175,1.47548,1.77134e+09
8.41063,5,1.52168,-0.0408678,0.794947,95.7457,1.49435,1.77134e+09
7.53856,5,1.47425,-0.0404002,1.33303,97.3385,1.52858,1.77134e+09
6.68078,5,1.33372,-0.0417307,1.80445,98.8293,1.57253,1.77134e+09
5.88021,5,1.02318,-0.0306834,2.61166,100.146,1.63006,1.77134e+09
5.31308,5,0.718099,-0.0238827,3.08726,101.257,1.68938,1.77134e+09
5.036,5,0.422655,-0.0147066,3.51015,102.287,1.75197,1.77134e+09
4.72836,5,-0.77745,0.485356,0.441627,103.363,1.78104,1.77134e+09
4.83109,5,0.962731,0.162215,-10.3683,104.341,1.60951,1.77134e+09
4.99263,5,0.179941,-0.10103,-17.3673,105.274,1.30406,1.77134e+09
5.05586,5,1.00143,-0.0577674,-15.7329,106.24,1.0264,1.77134e+09
5.06535,5,0.437266,-0.0150687,-14.363,107.271,0.763016,1.77134e+09
4.86934,5,0.513272,0.944936,-18.5565,108.307,0.440642,1.77134e+09
4.70889,5,-0.00741972,0.90489,-29.0321,109.23,-0.0557258,1.77134e+09
4.82629,5,0.167851,0.811267,-39.8599,110.016,-0.704941,1.77134e+09
4.80841,5,0.925506,0.678224,-52.1619,110.722,-1.57659,1.77134e+09
4.93009,5,0.496376,0.393032,-66.3162,111.186,-2.54784,1.77134e+09
5.18391,5,-1.03614,1.07185,-79.2178,111.405,-3.63919,1.77134e+09
4.86889,5,-1.03614,1.07185,-82.5299,111.537,-4.69084,1.77134e+09
4.52848,5,-1.03614,1.07185,-83.3259,111.65,-5.67061,1.77134e+09
4.18048,5,-1.03614,1.07185,-83.5815,111.761,-6.66513,1.77134e+09
3.87478,5,-1.03614,1.07185,-83.5413,111.861,-7.54468,1.77134e+09
3.58203,5,-1.03614,1.07185,-83.5426,111.953,-8.35885,1.77134e+09
3.31558,5,-1.03614,1.07185,-83.6125,112.037,-9.11239,1.77134e+09
3.07592,5,-1.03614,1.07185,-83.6332,112.111,-9.77913,1.77134e+09
2.84411,5,-1.03614,1.07185,-83.6287,112.184,-10.4258,1.77134e+09
2.63499,5,-1.03614,1.07185,-83.6128,112.247,-10.9971,1.77134e+09
2.43954,5,-1.03614,1.07185,-83.6195,112.307,-11.5263,1.77134e+09
2.25016,5,-1.03614,1.07185,-83.6544,112.363,-12.0387,1.77134e+09
2.06606,5,-1.03614,1.07185,-83.6269,112.418,-12.5316,1.77134e+09
1.91526,5,-1.03614,1.07185,-83.6191,112.463,-12.9268,1.77134e+09
1.76768,5,-1.03614,1.07185,-83.5969,112.506,-13.3108,1.77134e+09
1.62464,5,-1.03614,1.07185,-83.5559,112.548,-13.6813,1.77134e+09
1.48503,5,-1.03614,1.07185,-83.5081,112.589,-14.0362,1.77134e+09
1.3719,5,-1.03614,1.07185,-83.4775,112.621,-14.3198,1.77134e+09
1.25616,5,-1.03614,1.07185,-83.4499,112.654,-14.6067,1.77134e+09
1.14415,5,-1.03614,1.07185,-83.4095,112.686,-14.8806,1.77134e+09
1.03651,5,-1.03614,1.07185,-83.3641,112.717,-15.1401,1.77134e+09
0.95693,5,-1.03614,1.07185,-83.3363,112.739,-15.328,1.77134e+09
0.860598,5,-1.03614,1.07185,-83.3034,112.765,-15.5533,1.77134e+09
0.789359,5,-1.03614,1.07185,-83.2831,112.785,-15.717,1.77134e+09
0.715452,5,-1.03614,1.07185,-83.2609,112.804,-15.8812,1.77134e+09
0.653355,5,-1.03614,1.07185,-83.2383,112.821,-16.017,1.77134e+09
0.581811,5,-1.03614,1.07185,-83.2154,112.839,-16.1701,1.77134e+09
0.528405,5,-1.03614,1.07185,-83.1994,112.852,-16.2802,1.77134e+09
0.471108,5,-1.03614,1.07185,-83.1814,112.866,-16.3942,1.77134e+09
0.421385,5,-1.03614,1.07185,-83.1636,112.878,-16.4915,1.77134e+09
0.37921,5,-1.03614,1.07185,-83.1487,112.888,-16.5709,1.77134e+09
0.339548,5,-1.03614,1.07185,-83.1379,112.896,-16.6421,1.77134e+09
0.297363,5,-1.03614,1.07185,-83.1286,112.905,-16.7147,1.77134e+09
0.255557,5,-1.03614,1.07185,-83.1172,112.913,-16.7832,1.77134e+09
0.22356,5,-1.03614,1.07185,-83.1109,112.919,-16.8307,1.77134e+09
0.19715,5,-1.03614,1.07185,-83.1041,112.924,-16.8682,1.77134e+09
0.17152,5,-1.03614,1.07185,-83.0991,112.928,-16.903,1.77134e+09
0.147694,5,-1.03614,1.07185,-83.096,112.932,-16.9331,1.77134e+09
0.127778,5,-1.03614,1.07185,-83.0926,112.934,-16.9563,1.77134e+09
0.107634,5,-1.03614,1.07185,-83.0908,112.937,-16.9785,1.77134e+09
0.0851034,5,-1.03614,1.07185,-83.088,112.94,-17.0004,1.77134e+09
0.0608522,5,-1.03614,1.07185,-83.086,112.942,-17.0191,1.77134e+09
0.0402607,5,-1.03614,1.07185,-83.0837,112.943,-17.0295,1.77134e+09
0.0213073,5,-1.03614,1.07185,-83.0834,112.944,-17.037,1.77134e+09
0.00127374,5,-1.03614,1.07185,-83.0815,112.945,-17.0396,1.77134e+09
0.000238293,5,-1.03614,1.07185,-83.0804,112.945,-17.0396,1.77134e+09
0.000427968,5,-1.03614,1.07185,-83.0793,112.945,-17.0397,1.77134e+09
0.000305704,5,-1.03614,1.07185,-83.0785,112.945,-17.0397,1.77134e+09
0.000756373,5,-1.03614,1.07185,-83.0776,112.945,-17.0398,1.77134e+09
0.000368777,5,-1.03614,1.07185,-83.0768,112.945,-17.0399,1.77134e+09
0.000804652,5,-1.03614,1.07185,-83.0756,112.945,-17.0399,1.77134e+09
0.000505647,5,-1.03614,1.07185,-83.0747,112.945,-17.0399,1.77134e+09
0.000631901,5,-1.03614,1.07185,-83.0737,112.945,-17.0399,1.77134e+09
0.00114963,5,-1.03614,1.07185,-83.0727,112.945,-17.0399,1.77134e+09
0.0012307,5,-1.03614,1.07185,-83.0719,112.945,-17.04,1.77134e+09
0.000425261,5,-1.03614,1.07185,-83.0711,112.945,-17.0401,1.77134e+09
0.000379571,5,-1.03614,1.07185,-83.0707,112.945,-17.0402,1.77134e+09
0.000178371,5,-1.03614,1.07185,-83.0684,112.945,-17.0402,1.77134e+09
0.000192052,5,-1.03614,1.07185,-83.0683,112.945,-17.0403,1.77134e+09
0.000163459,5,-1.03614,1.07185,-83.0678,112.945,-17.0403,1.77134e+09
0.0040575,5,-1.03614,1.07185,-83.0653,112.945,-17.0409,1.77134e+09
0.000508239,5,-1.03614,1.07185,-83.0658,112.945,-17.0412,1.77134e+09
0.0029999,5,-1.03614,1.07185,-83.064,112.945,-17.0416,1.77134e+09
0.00144321,5,-1.03614,1.07185,-83.0645,112.945,-17.0421,1.77134e+09
0.000331224,5,-1.03614,1.07185,-83.064,112.945,-17.0423,1.77134e+09
0.00288783,5,-1.03614,1.07185,-83.063,112.945,-17.0429,1.77134e+09
0.00466367,5,-1.03614,1.07185,-83.0627,112.945,-17.0436,1.77134e+09
0.00229336,5,-1.03614,1.07185,-83.0607,112.946,-17.0449,1.77134e+09
0.000313881,5,-1.03614,1.07185,-83.0597,112.946,-17.045,1.77134e+09
0.000326011,5,-1.03614,1.07185,-83.0575,112.946,-17.045,1.77134e+09
0.000313093,5,-1.03614,1.07185,-83.0569,112.946,-17.0451,1.77134e+09
0.000395282,5,-1.03614,1.07185,-83.0563,112.946,-17.0451,1.77134e+09
0.000338894,5,-1.03614,1.07185,-83.0558,112.946,-17.0452,1.77134e+09
0.000190218,5,-1.03614,1.07185,-83.0551,112.946,-17.0453,1.77134e+09
0.000260676,5,-1.03614,1.07185,-83.0545,112.946,-17.0453,1.77134e+09
0.000164865,5,-1.03614,1.07185,-83.054,112.946,-17.0453,1.77134e+09
0.000158754,5,-1.03614,1.07185,-83.0535,112.946,-17.0454,1.77134e+09
0.000805486,5,-1.03614,1.07185,-83.0528,112.946,-17.0454,1.77134e+09
0.00202151,5,-1.03614,1.07185,-83.0515,112.946,-17.0459,1.77134e+09
0.000422858,5,-1.03614,1.07185,-83.0513,112.946,-17.046,1.77134e+09
0.000753825,5,-1.03614,1.07185,-83.0509,112.946,-17.0462,1.77134e+09
0.00151147,5,-1.03614,1.07185,-83.0505,112.946,-17.0464,1.77134e+09
0.000225621,5,-1.03614,1.07185,-83.0488,112.946,-17.0464,1.77134e+09
0.00152012,5,-1.03614,1.07185,-83.0469,112.946,-17.0465,1.77134e+09
0.000527591,5,-1.03614,1.07185,-83.0459,112.946,-17.0466,1.77134e+09
0.000417865,5,-1.03614,1.07185,-83.0434,112.946,-17.0466,1.77134e+09
0.000357971,5,-1.03614,1.07185,-83.0417,112.946,-17.0466,1.77134e+09
0.000472113,5,-1.03614,1.07185,-83.0392,112.946,-17.0467,1.77134e+09
0.000247731,5,-1.03614,1.07185,-83.0374,112.946,-17.0467,1.77134e+09
0.000166329,5,-1.03614,1.07185,-83.0353,112.946,-17.0467,1.77134e+09
0.000368974,5,-1.03614,1.07185,-83.0333,112.946,-17.0468,1.77134e+09
0.000663749,5,-1.03614,1.07185,-83.0316,112.946,-17.0468,1.77134e+09
0.000214168,5,-1.03614,1.07185,-83.0309,112.946,-17.0468,1.77134e+09
0.000213831,5,-1.03614,1.07185,-83.0293,112.946,-17.0469,1.77134e+09
0.000179629,5,-1.03614,1.07185,-83.0263,112.946,-17.0469,1.77134e+09
0.000643141,5,-1.03614,1.07185,-83.0238,112.946,-17.0469,1.77134e+09
0.000166643,5,-1.03614,1.07185,-83.022,112.946,-17.0469,1.77134e+09
0.000230748,5,-1.03614,1.07185,-83.0199,112.946,-17.047,1.77134e+09
0.000657992,5,-1.03614,1.07185,-83.0178,112.946,-17.047,1.77134e+09
0.000164687,5,-1.03614,1.07185,-83.0159,112.946,-17.0471,1.77134e+09
0.000173961,5,-1.03614,1.07185,-83.0139,112.946,-17.047,1.77134e+09
0.000533035,5,-1.03614,1.07185,-83.0115,112.946,-17.047,1.77134e+09
0.000143119,5,-1.03614,1.07185,-83.0107,112.946,-17.047,1.77134e+09
0.000431651,5,-1.03614,1.07185,-83.0086,112.946,-17.047,1.77134e+09
0.000224711,5,-1.03614,1.07185,-83.0063,112.946,-17.0469,1.77134e+09
0.00163027,5,-1.03614,1.07185,-83.0054,112.946,-17.0468,1.77134e+09
0.00142513,5,-1.03614,1.07185,-83.0038,112.946,-17.0468,1.77134e+09
0.416933,8.5,0.08089,1.11333,1.85495,-13.8266,-1.82631,1.77134e+09
1.07902,8.5,-0.11103,0.0854549,-2.14552,-13.6891,-1.86286,1.77134e+09
1.61144,8.5,0.125117,-0.0422924,-2.93827,-13.5162,-1.88074,1.77134e+09
2.31104,8.5,-0.153672,0.0250787,-2.29406,-13.1628,-1.89076,1.77134e+09
3.00818,8.5,0.470857,-0.126802,-2.33894,-12.6836,-1.91152,1.77134e+09
3.47784,8.5,0.636004,-0.0566867,-1.24278,-12.2941,-1.91891,1.77134e+09
4.12391,8.5,-0.261133,0.0133606,0.223773,-11.7239,-1.91119,1.77134e+09
4.74614,8.5,-0.0233251,0.000885643,-0.0753425,-11.0579,-1.91096,1.77134e+09
5.53154,8.5,0.122247,-0.00342378,-0.20451,-10.0801,-1.91803,1.77134e+09
6.01962,8.5,0.0567513,-0.0013399,-0.138298,-9.38676,-1.92144,1.77134e+09
6.63969,8.5,0.469003,-0.00929844,-0.440808,-8.37325,-1.93259,1.77134e+09
7.15727,8.5,0.612254,-0.0105614,-0.509515,-7.47597,-1.94403,1.77134e+09
7.78125,8.5,0.867585,-0.0129978,-0.636479,-6.20579,-1.96361,1.77134e+09
8.06449,8.5,1.13678,-0.0165869,-0.810651,-5.17487,-1.97753,1.77134e+09
8.42604,8.5,1.61456,-0.0259793,-1.26159,-3.51946,-2.01414,1.77134e+09
8.54282,8.5,1.65927,-0.0266202,-1.26913,-2.1609,-2.04479,1.77134e+09
8.58427,8.5,1.64093,-0.025343,-1.17616,-0.96156,-2.06872,1.77134e+09
8.55945,8.5,1.69635,-0.0286839,-1.28388,0.668208,-2.1044,1.77134e+09
8.53771,8.5,1.70745,-0.0316601,-1.35941,2.37889,-2.14554,1.77134e+09
8.53547,8.5,1.6919,-0.0341346,-1.43155,3.48848,-2.17382,1.77134e+09
8.49764,8.5,1.69439,-0.033166,-1.31087,4.93516,-2.20667,1.77134e+09
8.50461,8.5,1.67149,-0.0353182,-1.33662,6.63442,-2.24487,1.77134e+09
8.48654,8.5,1.6523,-0.0362886,-1.32916,7.56786,-2.26743,1.77134e+09
8.48694,8.5,1.66825,-0.0353765,-1.20304,9.01021,-2.29928,1.77134e+09
8.50166,8.5,1.6931,-0.0334413,-1.05023,10.1141,-2.31966,1.77134e+09
8.49543,8.5,1.699,-0.0314116,-0.87248,11.559,-2.34173,1.77134e+09
8.49911,8.5,1.69958,-0.0319375,-0.84258,12.5786,-2.35664,1.77134e+09
8.48007,8.5,1.44106,-0.0428498,-1.26581,14.1931,-2.38757,1.77134e+09
8.48222,8.5,1.09637,-0.0491256,-1.47971,15.2111,-2.41503,1.77134e+09
8.49518,8.5,1.14573,-0.0483005,-1.30088,16.6546,-2.44851,1.77134e+09
8.50579,8.5,1.32485,-0.0451797,-1.03995,17.7594,-2.46933,1.77134e+09
8.50045,8.5,1.58415,-0.0390537,-0.590319,19.2899,-2.48876,1.77134e+09
8.51517,8.5,1.47804,-0.0419607,-0.639457,20.3105,-2.49881,1.77134e+09
8.50034,8.5,1.47679,-0.0420022,-0.477153,21.7572,-2.51337,1.77134e+09
8.4924,8.5,1.13542,-0.0484747,-0.654889,22.8622,-2.52496,1.77134e+09
8.48976,8.5,0.648555,-0.0553196,-0.731623,24.4767,-2.54698,1.77134e+09
8.49578,8.5,0.381312,-0.0585991,-0.722489,25.4115,-2.55859,1.77134e+09
8.50678,8.5,0.768578,-0.0536712,-0.21876,26.7713,-2.56696,1.77134e+09
8.50075,8.5,0.947226,-0.0512594,0.136493,27.9618,-2.565,1.77134e+09
8.25025,5,1.12036,-0.0496019,0.577439,29.3145,-2.55489,1.77134e+09
7.68446,5,1.36961,-0.045404,1.13043,30.3501,-2.53481,1.77134e+09
6.98317,5,1.39256,-0.0403187,1.74383,31.5962,-2.49796,1.77134e+09
6.44105,5,1.22581,-0.0333983,2.27905,32.5343,-2.46151,1.77134e+09
5.76193,5,0.687828,-0.0189837,3.00157,33.6299,-2.40537,1.77134e+09
5.4196,5,0.435895,-0.0130606,3.26524,34.2977,-2.36666,1.77134e+09
5.09856,5,0.322234,-0.0107855,3.41584,35.2917,-2.30755,1.77134e+09
4.98778,5,0.418326,-0.0148381,3.35708,35.8448,-2.27525,1.77134e+09
4.91256,5,0.375112,-0.0136381,3.49698,36.8314,-2.21539,1.77134e+09
4.86759,5,0.972809,0.162617,1.59215,37.7601,-2.18017,1.77134e+09
4.96507,5,0.430588,-0.0154492,-3.39054,38.6912,-2.24258,1.77134e+09
5.01324,5,0.904467,-0.0383467,-3.91229,39.2386,-2.28276,1.77134e+09
5.03349,5,0.758322,-0.0289775,-3.44646,40.1917,-2.34109,1.77134e+09
5.03858,5,-0.889132,0.893693,-3.12704,40.7952,-2.37308,1.77134e+09
4.71671,5,0.724534,0.957182,-5.97663,41.6265,-2.45394,1.77134e+09
4.74064,5,0.940881,0.947475,-11.7229,42.2278,-2.59591,1.77134e+09
4.88368,5,-0.958439,0.905857,-21.9777,43.0257,-2.92378,1.77134e+09
4.90451,5,-0.44936,1.03291,-31.3156,43.6443,-3.31969,1.77134e+09
4.99452,5,0.453567,0.966677,-41.7131,44.267,-3.8853,1.77134e+09
5.05508,5,-0.363669,0.874142,-52.0732,44.7861,-4.5626,1.77134e+09
4.99148,5,0.721114,0.785239,-60.0426,45.0935,-5.13673,1.77134e+09
5.27937,8.5,0.3107,0.533457,-72.6097,45.3839,-5.99285,1.77134e+09
5.35159,8.5,-0.983382,0.257249,-83.1227,45.4998,-6.61236,1.77134e+09
5.92989,8.5,0.477311,-0.0784778,-94.1911,45.5237,-7.51411,1.77134e+09
6.49033,8.5,0.430362,-0.0737226,-94.174,45.4504,-8.38197,1.77134e+09
7.13751,8.5,1.0523,-0.0198594,-92.1091,45.3751,-9.53962,1.77134e+09
7.63468,8.5,1.0729,-0.0174524,-92.0075,45.3272,-10.4997,1.77134e+09
8.36644,8.5,1.66615,-0.030211,-92.6079,45.2452,-12.0995,1.77134e+09
8.68431,8.5,1.67962,-0.0359866,-92.8385,45.1574,-13.811,1.77134e+09
8.70423,8.5,1.74067,-0.0311319,-92.4862,45.082,-15.4647,1.77134e+09
8.66872,8.5,1.72289,-0.0287735,-92.3017,45.0432,-16.4196,1.77134e+09
8.57979,8.5,1.71124,-0.0298233,-92.2366,44.9813,-17.9707,1.77134e+09
8.53742,8.5,1.69001,-0.0343201,-92.3799,44.9422,-18.911,1.77134e+09
8.49598,8.5,1.65991,-0.0359398,-92.3198,44.8798,-20.4433,1.77134e+09
8.48863,8.5,1.49429,-0.0415833,-92.4797,44.8316,-21.5468,1.77134e+09
8.47482,8.5,1.01379,-0.0504061,-92.7118,44.7615,-23.0733,1.77134e+09
8.48296,8.5,1.16663,-0.0480052,-92.422,44.7104,-24.2591,1.77134e+09
8.48558,8.5,1.10391,-0.0489956,-92.2338,44.6514,-25.7861,1.77134e+09
8.48566,8.5,1.24371,-0.0466988,-91.8537,44.599,-27.3136,1.77134e+09
8.33188,5,0.737263,-0.0550084,-91.9328,44.5548,-28.6694,1.77134e+09
7.63027,5,1.0777,-0.0527819,-91.329,44.524,-29.9457,1.77134e+09
6.97683,5,1.31413,-0.046873,-90.6483,44.5092,-31.1139,1.77134e+09
6.4252,5,1.28423,-0.0408405,-90.1034,44.5076,-32.0512,1.77134e+09
5.74972,5,0.856642,-0.0249955,-89.2837,44.5205,-33.1458,1.77134e+09
5.38248,5,0.669073,-0.0213093,-89.0524,44.5323,-33.8124,1.77134e+09
5.03082,5,0.42018,-0.0146458,-88.7478,44.553,-34.7454,1.77134e+09
4.91956,5,0.323139,-0.0116339,-88.6138,44.5676,-35.3414,1.77134e+09
4.87873,5,0.204867,-0.00741593,-88.4554,44.5888,-36.1236,1.77134e+09
4.88866,5,0.97487,-0.608654,-88.2867,44.6096,-36.8069,1.77134e+09
4.74511,5,0.148514,-0.592112,-84.3713,44.6855,-37.7169,1.77134e+09
4.67172,5,0.899734,-0.481128,-78.6997,44.8022,-38.22,1.77134e+09
4.99242,5,-0.983907,-0.165577,-68.4142,45.1476,-39.078,1.77134e+09
5.1298,5,-0.344645,0.0114222,-63.4167,45.5681,-39.8895,1.77134e+09
5.09727,5,0.965714,-0.597894,-62.6527,45.9667,-40.6624,1.77134e+09
4.85611,5,0.535534,-0.484646,-54.0283,46.6388,-41.6418,1.77134e+09
5.0016,5,-0.996122,-0.162644,-42.5687,47.426,-42.3862,1.77134e+09
5.05828,5,0.741652,-0.821962,-35.5951,48.3682,-43.0654,1.77134e+09
4.84952,5,-0.547925,-0.698108,-25.8936,49.3806,-43.5819,1.77134e+09
4.96522,5,-0.478647,-0.391234,-13.1527,50.4671,-43.866,1.77134e+09
5.53515,8.5,0.590714,-0.0173908,-1.61448,51.4991,-43.9207,1.77134e+09
6.38404,8.5,-1.12155,0.0287252,-0.00928328,52.753,-43.9163,1.77134e+09
7.27462,8.5,-0.487289,0.00802979,-0.74894,54.3264,-43.9383,1.77134e+09
8.02435,8.5,0.881994,-0.0124016,-1.65002,55.8576,-43.9865,1.77134e+09
8.52928,8.5,1.3873,-0.0190422,-1.97876,57.6896,-44.0529,1.77134e+09
8.63797,8.5,1.65015,-0.0251451,-2.2614,59.2348,-44.1108,1.77134e+09
8.62652,8.5,1.61145,-0.0383623,-2.84577,61.2205,-44.2073,1.77134e+09
8.59975,8.5,1.4838,-0.0417537,-2.92362,63.0276,-44.2995,1.77134e+09
8.57325,8.5,1.18936,-0.047335,-3.13035,64.228,-44.3645,1.77134e+09
8.53321,8.5,0.494123,-0.056998,-3.50924,65.5924,-44.4468,1.77134e+09
8.51744,8.5,0.723136,-0.0542104,-3.28747,66.6979,-44.5109,1.77134e+09
8.50264,8.5,0.94279,-0.0513139,-3.08102,67.5469,-44.5568,1.77134e+09
8.51199,8.5,1.11962,-0.048653,-2.89602,68.3953,-44.5996,1.77134e+09
8.50074,8.5,1.28402,-0.0459432,-2.69918,69.328,-44.6436,1.77134e+09
8.49742,8.5,1.38307,-0.0440607,-2.55744,70.0907,-44.6776,1.77134e+09
8.48547,8.5,1.56665,-0.039589,-2.28338,70.939,-44.7118,1.77134e+09
8.50151,8.5,1.39979,-0.0437098,-2.43897,71.7868,-44.7474,1.77134e+09
8.48702,8.5,1.20839,-0.0472995,-2.55399,72.6352,-44.785,1.77134e+09
8.50065,8.5,0.910646,-0.0517749,-2.71968,73.3982,-44.8213,1.77134e+09
8.50899,8.5,1.0055,-0.0503853,-2.57665,74.3318,-44.8642,1.77134e+09
8.51356,8.5,0.762419,-0.0537177,-2.6709,75.1812,-44.9033,1.77134e+09
8.49952,8.5,0.735174,-0.0541475,-2.6018,76.116,-44.9464,1.77134e+09
8.52098,8.5,1.02656,-0.0500271,-2.33632,76.8811,-44.9775,1.77134e+09
8.4896,8.5,1.45166,-0.0425983,-1.85662,78.1561,-45.0209,1.77134e+09
8.50256,8.5,1.55421,-0.0399752,-1.6348,79.4301,-45.057,1.77134e+09
8.50125,8.5,1.40612,-0.0435779,-1.7335,80.3646,-45.0856,1.77134e+09
8.48973,8.5,1.13926,-0.0484232,-1.88812,81.213,-45.1137,1.77134e+09
8.5217,8.5,1.45558,-0.0424737,-1.44276,82.827,-45.1595,1.77134e+09
8.50568,8.5,1.66424,-0.0357624,-0.991057,84.1873,-45.1843,1.77134e+09
8.50962,8.5,1.70122,-0.032138,-0.733542,85.2081,-45.1969,1.77134e+09
8.51733,8.5,1.70267,-0.0321422,-0.639424,86.3989,-45.2098,1.77134e+09
8.48911,8.5,1.59096,-0.0388089,-0.815128,87.8433,-45.2302,1.77134e+09
8.50277,8.5,1.62792,-0.0374748,-0.554447,89.5416,-45.25,1.77134e+09
8.48563,8.5,1.20459,-0.0473679,-0.771591,91.3251,-45.2733,1.77134e+09
8.4903,8.5,1.02925,-0.0501128,-0.56827,93.1085,-45.294,1.77134e+09
8.49599,8.5,0.987383,-0.0507038,-0.247605,94.7227,-45.3021,1.77134e+09
8.51288,8.5,0.992186,-0.0505623,0.219083,96.5085,-45.299,1.77134e+09
8.49787,8.5,0.527767,-0.0567934,0.471792,98.1246,-45.2875,1.77134e+09
8.48704,8.5,-0.13576,-0.0648022,0.934419,99.8243,-45.2652,1.77134e+09
8.48597,8.5,-0.600678,-0.0704525,2.09593,101.693,-45.2095,1.77134e+09
8.52093,8.5,-0.11847,0.00139656,1.65895,103.392,-45.1471,1.77134e+09
8.49414,5,1.6566,-0.036108,-0.0101867,105.091,-45.1367,1.77134e+09
7.62009,5,1.40385,-0.0441941,0.151805,106.785,-45.1378,1.77134e+09
6.79039,5,1.33527,-0.0349261,0.981451,108.224,-45.1175,1.77134e+09
6.02537,5,0.851811,-0.0222806,1.73173,109.504,-45.0811,1.77134e+09
5.39507,5,0.420152,-0.0126794,2.18935,110.639,-45.0379,1.77134e+09
5.05061,5,0.218401,-0.00738032,2.41552,111.677,-44.9942,1.77134e+09
4.92556,5,0.171153,-0.00606388,2.50413,112.721,-44.9487,1.77134e+09
4.72815,5,0.731949,-0.487559,6.66524,113.779,-44.849,1.77134e+09
4.86409,5,-0.901444,-0.150854,17.938,114.782,-44.5361,1.77134e+09
5.02473,5,-0.728483,0.0275947,22.8018,115.784,-44.1025,1.77134e+09
5.05382,5,-0.155662,0.00523292,22.0629,116.859,-43.6633,1.77134e+09
4.81222,5,-0.751373,-0.781679,25.312,117.903,-43.1988,1.77134e+09
4.89946,5,-0.473223,-0.653218,36.2764,118.814,-42.5651,1.77134e+09
4.96831,5,0.897179,-0.436839,48.3543,119.574,-41.7407,1.77134e+09
4.98577,5,0.202947,-0.746398,60.6123,120.128,-40.7968,1.77134e+09
4.95264,5,0.387824,-0.481348,73.5937,120.475,-39.7039,1.77134e+09
5.08196,5,-0.297545,-0.115154,85.5144,120.574,-38.6082,1.77134e+09
5.13992,5,-0.515464,0.0174769,89.4636,120.573,-37.4803,1.77134e+09
5.10767,5,-0.130429,0.00428733,89.0637,120.59,-36.4032,1.77134e+09
5.06525,8.5,0.0887871,-0.00296331,88.8495,120.612,-35.2839,1.77134e+09
5.64237,8.5,0.0832811,-0.00223919,88.8674,120.636,-34.3331,1.77134e+09
6.49266,8.5,0.0912497,-0.00185275,88.8788,120.67,-33.059,1.77134e+09
7.30119,8.5,0.524599,-0.0086083,88.5978,120.718,-31.6108,1.77134e+09
8.10589,8.5,0.926443,-0.0128345,88.3759,120.773,-29.9147,1.77134e+09
8.48233,8.5,1.68042,-0.0288874,87.585,120.849,-28.0854,1.77134e+09
8.57143,8.5,1.61497,-0.0245126,87.8245,120.925,-26.2091,1.77134e+09
8.57227,8.5,1.71365,-0.0307189,87.5507,121,-24.4089,1.77134e+09
8.51402,8.5,1.2967,-0.0456789,86.8643,121.086,-22.6995,1.77134e+09
8.53347,8.5,0.507667,-0.0568308,86.3793,121.204,-20.8279,1.77134e+09
8.5166,8.5,0.750064,-0.0538641,86.6042,121.306,-19.1285,1.77134e+09
8.51062,8.5,1.21473,-0.0471186,87.0208,121.415,-17.1762,1.77134e+09
8.50972,8.5,1.67688,-0.0350063,87.6821,121.495,-15.307,1.77134e+09
8.51615,8.5,1.68278,-0.0284229,88.0515,121.556,-13.6072,1.77134e+09
8.49058,8.5,1.69459,-0.0303325,88.0043,121.615,-11.9081,1.77134e+09
8.48004,8.5,1.12447,-0.0486931,87.1593,121.692,-10.2125,1.77134e+09
8.50038,8.5,0.984819,-0.0507222,87.1304,121.778,-8.51655,1.77134e+09
8.48907,8.5,1.29288,-0.0458134,87.4345,121.837,-7.24508,1.77134e+09
8.51176,8.5,1.44764,-0.0426636,87.6485,121.9,-5.717,1.77134e+09
8.48461,8.5,1.65359,-0.0362097,88.0373,121.959,-4.01792,1.77134e+09
8.51076,8.5,1.59774,-0.038618,87.9711,122.012,-2.48975,1.77134e+09
8.49592,8.5,1.45437,-0.0425296,87.8598,122.079,-0.705716,1.77134e+09
8.53101,8.5,1.55101,-0.0400817,88.0532,122.141,1.07942,1.77134e+09
8.50069,8.5,1.60974,-0.0381712,88.2314,122.195,2.77897,1.77134e+09
8.50193,8.5,1.56474,-0.0396628,88.2379,122.249,4.47771,1.77134e+09
8.50141,8.5,1.5114,-0.0411447,88.2439,122.297,6.09291,1.77134e+09
8.48365,8.5,0.953335,-0.051248,87.8558,122.36,7.79126,1.77134e+09
8.49031,8.5,0.945092,-0.0513361,87.9703,122.422,9.48875,1.77134e+09
8.49229,8.5,0.950548,-0.0512496,88.09,122.476,11.1033,1.77134e+09
8.50266,8.5,1.2067,-0.0472783,88.4115,122.527,12.8877,1.77134e+09
8.50174,8.5,1.17112,-0.0478683,88.5146,122.574,14.5891,1.77134e+09
8.51626,8.5,1.25929,-0.0463386,88.7151,122.612,16.2906,1.77134e+09
8.49889,8.5,1.33405,-0.0450217,88.9247,122.645,18.0758,1.77134e+09
8.50508,8.5,1.44706,-0.0426846,89.1865,122.673,19.8606,1.77134e+09
8.49545,8.5,1.27899,-0.0460477,89.1894,122.7,21.646,1.77134e+09
8.49822,8.5,1.41785,-0.0433341,89.468,122.715,23.1764,1.77134e+09
8.51264,8.5,1.36089,-0.0444732,89.5734,122.728,24.7912,1.77134e+09
8.49606,8.5,1.53931,-0.0403968,89.972,122.733,26.5776,1.77134e+09
8.50902,8.5,1.59135,-0.0388303,90.2873,122.728,28.702,1.77134e+09
8.49003,5,1.51945,-0.0409363,90.3755,122.717,30.232,1.77134e+09
7.71675,5,1.49057,-0.0406012,90.7704,122.701,31.6915,1.77134e+09
7.0181,5,1.33186,-0.0304442,91.4863,122.671,32.9437,1.77134e+09
6.20148,5,0.756116,-0.0180794,92.1679,122.621,34.3301,1.77134e+09
5.52502,5,0.272678,-0.0077189,92.6096,122.57,35.4965,1.77134e+09
5.1319,5,0.215494,-0.00704999,92.6699,122.52,36.5559,1.77134e+09
4.97272,5,0.152248,-0.00528621,92.7463,122.472,37.5625,1.77134e+09
4.92735,5,0.13673,-0.00483182,92.7787,122.424,38.5504,1.77134e+09
4.93371,5,0.037782,-0.00132775,92.8912,122.375,39.5352,1.77134e+09
4.95211,5,0.135852,-0.00475256,92.8077,122.325,40.5231,1.77134e+09
4.98257,5,0.119354,-0.0041214,92.8505,122.276,41.5154,1.77134e+09
4.89831,5,0.631934,-1.09815,94.4459,122.207,42.5011,1.77134e+09
4.77697,5,-0.67007,-1.09948,102.063,122.013,43.3977,1.77134e+09
4.84543,5,0.295175,-1.07361,112.479,121.628,44.3446,1.77134e+09
5.02326,5,-0.581081,-1.02612,122.991,121.119,45.1266,1.77134e+09
4.9184,5,-0.647818,-0.988788,133.126,120.579,45.694,1.77134e+09
5.03526,5,0.662627,-0.915781,142.975,119.862,46.2322,1.77134e+09
5.03643,5,0.791831,-0.829858,152.537,119.102,46.6196,1.77134e+09
5.06304,5,0.19606,-0.660314,164.646,118.138,46.8899,1.77134e+09
4.97749,5,-0.674431,-0.435792,175.64,117.138,46.9741,1.77134e+09
5.60224,8.5,0.514893,-0.0811304,-173.117,116.099,46.8508,1.77134e+09
6.45897,8.5,0.85046,-0.0190276,-171.346,114.911,46.6185,1.77134e+09
7.2336,8.5,0.530142,-0.0652948,-173.468,113.561,46.3835,1.77134e+09
7.97782,8.5,0.972304,-0.0532388,-173.126,112.058,46.1459,1.77134e+09
8.48476,8.5,1.64264,-0.0265425,-171.732,110.503,45.9138,1.77134e+09
8.64052,8.5,0.937451,-0.0113496,-170.799,108.724,45.6276,1.77134e+09
8.65239,8.5,-1.0736,0.17073,-170.885,107.015,45.3522,1.77134e+09
8.5909,8.5,1.29075,0.107595,-174.411,105.307,45.148,1.77134e+09
8.4934,8.5,-1.29308,0.0174213,-179.038,103.603,45.089,1.77134e+09
8.53682,8.5,-0.169115,-0.0352274,178.386,101.986,45.1297,1.77134e+09
8.52485,8.5,0.304604,-0.0408601,178.18,100.197,45.1875,1.77134e+09
8.53087,8.5,0.348293,-0.0413506,178.226,98.4933,45.2408,1.77134e+09
8.49097,8.5,0.495362,-0.0433617,178.215,96.7931,45.2959,1.77134e+09
8.48591,8.5,0.179458,-0.0395656,178.471,95.2636,45.337,1.77134e+09
8.51212,8.5,0.508264,-0.0433978,178.34,93.9041,45.3764,1.77134e+09
8.50993,8.5,0.356959,-0.0415669,178.496,92.5435,45.4115,1.77134e+09
8.51288,8.5,1.2268,-0.0534361,178.009,90.8444,45.4687,1.77134e+09
8.49392,8.5,1.3501,-0.0558409,178.008,89.2298,45.5252,1.77134e+09
8.49606,8.5,1.06273,-0.0509559,178.378,87.4471,45.5816,1.77134e+09
8.50119,8.5,0.492649,-0.0432688,178.86,85.8321,45.6172,1.77134e+09
8.49517,8.5,-0.0657799,-0.0366156,179.28,84.2168,45.6398,1.77134e+09
8.49921,8.5,-0.0788831,-0.0364436,179.372,82.687,45.6571,1.77134e+09
8.49793,8.5,-0.186724,-0.03517,179.498,81.5823,45.6676,1.77134e+09
8.5056,8.5,-0.492699,-0.0314487,179.771,79.8822,45.6757,1.77134e+09
8.4911,8.5,-0.574726,-0.0304683,179.894,78.5226,45.6783,1.77134e+09
8.49261,8.5,-0.377818,-0.0328951,179.855,77.1637,45.6827,1.77134e+09
8.49396,8.5,-0.203513,-0.0349854,179.859,75.5489,45.6872,1.77134e+09
8.49923,8.5,-0.1356,-0.0357719,179.943,73.8492,45.6896,1.77134e+09
8.49795,8.5,1.69568,-0.0329653,-179.787,72.1494,45.6869,1.77134e+09
8.50953,8.5,1.65981,-0.0360316,-179.803,70.5339,45.6824,1.77134e+09
8.5101,8.5,1.7007,-0.0307663,-179.401,68.8334,45.667,1.77134e+09
8.51353,8.5,1.69393,-0.0295056,-179.21,67.3027,45.6471,1.77134e+09
8.49303,8.5,1.6828,-0.0343655,-179.339,66.1967,45.6327,1.77134e+09
8.48867,8.5,1.57398,-0.0393638,-179.38,64.5836,45.6154,1.77134e+09
8.48538,8.5,1.27012,-0.0462342,-179.426,62.8001,45.5967,1.77134e+09
8.07349,5,1.20603,-0.0486373,-179.076,61.1223,45.5755,1.77134e+09
7.27274,5,1.32853,-0.0467608,-178.465,59.6669,45.54,1.77134e+09
6.4634,5,1.24408,-0.0342726,-177.536,58.2966,45.4861,1.77134e+09
6.00772,5,0.937527,-0.0254772,-177.05,57.5495,45.447,1.77134e+09
5.39523,5,0.496348,-0.0151519,-176.547,56.4724,45.3829,1.77134e+09
5.058,5,0.258752,-0.00874663,-176.285,55.4859,45.3185,1.77134e+09
4.91308,5,0.280763,-0.0100875,-176.258,54.4447,45.2498,1.77134e+09
4.86672,5,-0.445038,-0.511416,-175.696,53.4687,45.1794,1.77134e+09
4.80378,5,-0.525474,-0.340567,-168.065,52.5277,44.9861,1.77134e+09
4.99127,5,0.873133,-0.0364683,-159.015,51.6159,44.6291,1.77134e+09
5.04906,5,-0.513083,0.0180529,-157.618,50.6891,44.2391,1.77134e+09
5.01202,5,0.262218,-0.626525,-157.897,49.7529,43.8606,1.77134e+09
4.76854,5,-0.553671,-0.571381,-151.791,48.9313,43.4365,1.77134e+09
4.95286,5,0.274506,-0.304651,-141.011,48.1328,42.8014,1.77134e+09
5.05112,5,0.293594,-0.873725,-132.083,47.4248,42.0156,1.77134e+09
4.90912,5,-0.856344,-0.789815,-123.63,46.8624,41.186,1.77134e+09
4.88245,5,0.921625,-0.618312,-113.456,46.4659,40.2831,1.77134e+09
4.96921,5,0.951231,-0.272553,-100.554,46.2462,39.2241,1.77134e+09
5.54494,8.5,-0.523703,0.0151698,-91.9298,46.2092,38.1388,1.77134e+09
6.23036,8.5,-0.991438,0.0252525,-91.5217,46.1778,37.1372,1.77134e+09
6.99179,8.5,-0.464388,0.00828117,-92.0843,46.1143,35.8818,1.77134e+09
7.70564,8.5,0.537719,-0.00791103,-92.7227,46.0272,34.4875,1.77134e+09
8.34446,8.5,1.45273,-0.0216445,-93.343,45.9233,32.8779,1.77134e+09
8.59873,8.5,1.68725,-0.0273632,-93.5993,45.8474,31.6915,1.77134e+09
8.66464,8.5,1.72276,-0.0288568,-93.6051,45.7565,30.2281,1.77134e+09
8.62203,8.5,1.34293,-0.0445718,-94.2384,45.6318,28.5058,1.77134e+09
8.59856,8.5,1.14042,-0.0480192,-94.2129,45.502,26.7912,1.77134e+09
8.51663,8.5,1.40196,-0.043639,-93.8237,45.4093,25.4271,1.77134e+09
8.51391,8.5,1.38837,-0.0439226,-93.7603,45.3645,24.7471,1.77134e+09
8.49306,8.5,1.54634,-0.040197,-93.4171,45.2809,23.3884,1.77134e+09
8.48259,8.5,1.46023,-0.0424082,-93.3178,45.1823,21.6932,1.77134e+09
8.50182,8.5,1.23358,-0.0468257,-93.282,45.0826,19.9974,1.77134e+09
8.48231,8.5,1.04037,-0.0499793,-93.1285,44.9889,18.302,1.77134e+09
8.06608,5,0.764841,-0.0560648,-92.9594,44.9083,16.7116,1.77134e+09
7.16951,5,0.824836,-0.0602343,-92.4542,44.8381,15.1154,1.77134e+09
6.38138,5,1.25625,-0.0468153,-91.3823,44.8004,13.7623,1.77134e+09
5.64237,5,0.839502,-0.0254248,-90.3324,44.792,12.562,1.77134e+09
5.15199,5,0.47528,-0.0159146,-89.8949,44.794,11.4876,1.77134e+09
4.94327,5,0.494524,-0.0181228,-89.8505,44.7967,10.5316,1.77134e+09
4.88598,5,0.248718,-0.00900883,-89.5219,44.8051,9.50152,1.77134e+09
4.88297,5,0.668773,-0.59263,-89.129,44.8184,8.52504,1.77134e+09
4.74655,5,0.778132,-0.48389,-81.964,44.935,7.62852,1.77134e+09
4.9452,5,-0.557384,-0.128562,-70.0513,45.2652,6.6762,1.77134e+09
5.08562,5,-0.963795,-0.650036,-65.2797,45.6797,5.81592,1.77134e+09
4.88323,5,-0.469848,-0.654777,-60.4499,46.1802,4.89972,1.77134e+09
4.86924,5,-0.413985,-0.510275,-50.7701,46.7939,4.13368,1.77134e+09
5.03775,5,0.260714,-0.874665,-39.476,47.5496,3.5015,1.77134e+09
0.375368,8.5,0.070836,1.16037,1.94372,-13.8302,-1.82586,1.77135e+09
1.0046,8.5,-0.162127,0.158513,-1.77107,-13.7082,-1.86028,1.77135e+09
1.68101,8.5,0.0315965,-0.00957634,-2.60903,-13.4943,-1.88335,1.77135e+09
2.31934,8.5,-0.13849,0.0223544,-2.27114,-13.1741,-1.8938,1.77135e+09
2.81309,8.5,-0.148114,0.0161961,-2.32339,-12.8402,-1.90797,1.77135e+09
3.3524,8.5,0.664035,-0.0869903,-1.79477,-12.4089,-1.92206,1.77135e+09
3.86738,8.5,-0.208117,0.0120478,0.174585,-11.9385,-1.91131,1.77135e+09
4.70193,8.5,-0.412639,0.016523,0.342383,-11.0804,-1.90026,1.77135e+09
5.52455,8.5,0.178258,-0.00501679,-0.272123,-10.0563,-1.90383,1.77135e+09
6.24585,8.5,0.415519,-0.00928583,-0.43241,-8.99585,-1.9202,1.77135e+09
6.75312,8.5,0.422489,-0.00805785,-0.401046,-8.15016,-1.93034,1.77135e+09
7.33507,8.5,0.489902,-0.00793939,-0.410516,-7.09298,-1.94244,1.77135e+09
7.65478,8.5,0.560895,-0.00838124,-0.437516,-6.41781,-1.94944,1.77135e+09
8.10459,8.5,0.814631,-0.0111124,-0.575315,-5.23128,-1.96152,1.77135e+09
8.34892,8.5,1.19193,-0.0162837,-0.825953,-4.24143,-1.97605,1.77135e+09
8.57832,8.5,1.07087,-0.0134392,-0.681277,-2.71665,-1.99463,1.77135e+09
8.60287,8.5,1.2547,-0.0162455,-0.79556,-0.997346,-2.01548,1.77135e+09
8.58716,8.5,1.58582,-0.0234332,-1.10793,0.722788,-2.04719,1.77135e+09
8.55624,8.5,1.58118,-0.0235503,-1.05766,2.43541,-2.07915,1.77135e+09
8.49683,8.5,1.67628,-0.028288,-1.22039,4.13925,-2.11603,1.77135e+09
8.48446,8.5,1.42165,-0.0432725,-1.86665,5.83804,-2.16797,1.77135e+09
8.48566,8.5,0.558586,-0.0564809,-2.38308,7.53317,-2.23977,1.77135e+09
8.4855,8.5,0.770532,-0.0537541,-2.11511,9.14598,-2.29899,1.77135e+09
8.49282,8.5,0.962444,-0.0510772,-1.87521,10.4195,-2.34281,1.77135e+09
8.50333,8.5,1.43255,-0.0430084,-1.3574,12.0344,-2.38199,1.77135e+09
8.49556,8.5,1.08809,-0.0492029,-1.50526,13.8199,-2.43016,1.77135e+09
8.49725,8.5,0.852492,-0.0525932,-1.50404,15.5187,-2.47523,1.77135e+09
8.49321,8.5,0.854995,-0.0525785,-1.31641,17.2155,-2.51615,1.77135e+09
8.51332,8.5,1.1133,-0.0487465,-0.946186,18.915,-2.54577,1.77135e+09
8.49478,8.5,1.14114,-0.0483753,-0.731745,20.5318,-2.56875,1.77135e+09
8.49664,8.5,1.13995,-0.0483876,-0.551972,21.9765,-2.58351,1.77135e+09
8.49611,8.5,1.13976,-0.0483926,-0.32364,23.6756,-2.59366,1.77135e+09
8.49219,8.5,1.39008,-0.0439271,0.130691,25.3746,-2.59089,1.77135e+09
8.5429,8.5,1.47335,-0.042046,0.518605,27.3295,-2.57987,1.77135e+09
